title,address,post_time,work_experience,education,salary,company,workTag,welfare,work_content
大数据开发助理（提供住宿）,"成都 - 成华区- 华泰社区5F-M204号
",3天前发布,不限 ,大专,4k-6k,"

成都维创利星科技有限公司

","

专业服务｜咨询,营销服务｜咨询 / 不需要融资 / 少于15人

","五险一金,员工旅游,专业培训","岗位职责:
协助和参与大数据项目开发，配合项目经理工作。
应聘要求：
1、掌握Python、java、sql、Hadoop生态圈等其中一种基本知识应用；
2、了解数据的辨析、抽取、清洗、填补、平滑、合并、规格化及检查一致性等预处理技术方面的基本知识；
3、清楚对项目开发的流程和基本要求；
4、有良好的敬业精神、学习能力和团队协作能力。
5、能够适应一般的加班和出差；
提供住宿 水电自理（需有***）"
大数据开发工程师,"成都 - 高新区- 吉泰五路88号香年广场T2楼30层9号（天府三街地铁站）
",2024/4/21,不限 ,本科,8k-16k,"

微银合创

","

数据服务｜咨询 / 不需要融资 / 15-50人

",五险一金，周末双休，团队体检,"技能要求： 
 
IMPALA，Spark，Python，DB2，Oracle，MySQL 
 
职位描述： 
 
1、基于公司大数据平台，设计大数据相关项目的技术方案； 
 
2、负责数据调研、数据接入、数据建模、数据清洗、数据映射、数据可视化等工作； 
 
3、负责对数据进行分析，为项目组提供大数据技术指导及分析手段支撑，BI报表输出； 
 
4、负责大数据平台的性能监控和持续优化； 
 
5、针对需求提供大数据分析技术解决方案； 
 
 
 
任职要求： 
 
1、本科及以上学历，1-3年以上工作经验，活跃、严谨的思维，理解能力强，交流沟通无障碍； 
 
2、熟练使用数仓、大数据工具，熟练使用SQL，熟悉Python或Java； 
 
3、熟悉oracle，db2，hive, spark, impala, kylin, ETL等技术，能独立承担报表设计和开发工作； 
 
4、良好的数据敏感度，能从海量数据提炼核心结果；有丰富的数据分析、挖掘、清洗和建模的经验； 
 
5、熟悉银行业务, 丰富的BI指标体系建设经验"
大数据开发工程师,"成都 - 双流县- 电子科大科技园D3
",2023/8/17,不限 ,本科,10k-16k,"

中钞科信

","

软件服务｜咨询 / 不需要融资 / 150-500人

",国企；法定节假日；带薪年假；节日福利,"1. 了解基本的数据结构和预处理等相关算法； 
2. 熟悉python和java； 
3. 能用java进行后端封装 
4.熟悉大数据分析相关的框架以及基本算法，特别是机器学习算法，或者深度学习算法等 
5.有基于微服务部署大数据机器学习负载的经验。 
6. 熟悉 Spark、Flink 等技术，熟悉 FlinkML。 
7. 熟悉 ETL、SQL，熟悉 MySQL，PostgreSQL 等主流数据库 
8. 了解时序数据库，了解 K8s 开发"
大数据网络工程师,"成都 - 郫都区 - 郫筒- 梦翔大厦
",2022/10/10,在校,应届,8k-15k,"

壹为新能源汽车

","

新能源汽车制造 / 不需要融资 / 50-150人

",新兴行业，平台大，团队氛围佳，晋升快,"岗位职责： 
1. 负责新能源汽车大数据的清洗、压缩、存储，数据仓库、数据集群建设维护等 
2. 负责新能源监控平台、云服务器、数据库的日常运维，异常问题的对接处理 
3. 基于FanBI开展大数据分析、数据可视化表达 
4. 负责售后助手软件的优化完善，主要涉及基于WEB端的前后端的功能开发 
技能要求： 
1、具有良好的java开发基础，对网络、IO、多线程、设计模式、jvm的原理和调优等有一定的了解和实践经验； 
1、有过微信小程序、手机APP的前后端开发项目尤佳 
2、对数据分析感兴趣，有过相关项目经历尤佳"
数据分析、大数据、人工智能培训讲师,"成都 - 高新区- 天府二街绿地之窗2号楼12层
",2024/12/8,不限 ,本科,10k-20k,"

CDA数据分析(成都)研究院

","

教育,数据服务 / 不需要融资 / 15-50人

",收入高 自有,"数据分析、大数据、人工智能、区块链培训讲师 
 
 
工作地点：成都/全国 
 
工作性质：全职/兼职 
 
薪资：面谈 
 
 
要求： 
 
1. 熟悉数理统计、商业智能、数据分析、数据挖掘、可视化、大数据等理论内容之一。 
 
2. 熟练运用SPSS、SAS、R、EXCEL、Python等软件之一。 
 
3. 有一定的项目实战经验 
 
4. 熟悉hadoop生态，具备数据挖掘项目能力， 
 
5.对任何数据领域有一定特长皆可考虑 
 
 
各层次培训需求都会有，有共同创业精神考虑的朋友可以提出交流。 
 
欢迎有志于CDA数据科学事业的朋友加入。 
 
 
"
python数据开发实习生,"成都 - 武侯区- 天府国际金融中心11号楼南塔
",2023/2/14,在校,应届,4k-8k,"

上海天王星

","

数据服务｜咨询 / 未融资 / 50-150人

",年轻团队；发展前景；技术大牛带教,"天王星量化旗下数据科学团队，正在寻找一名Python数据开发实习生加入我们的数据科学研究系统开发项目，您将在优秀的开发人员的指导下，学习并参与数据清洗和因子优化的工作。 
 
岗位职责 
● 有机会学习量化交易相关的数据科学知识，包括不限于自动化数据清洗、采样、特征构造等 
● 有机会参与开发量化交易研究的回测系统组件 
● 有机会协助量化研究人员开发alpha因子、拟合工具、组合优化工具等 
● 有机会参与学习和开发机器学习算法相关组件 
● 完成上级交代的其他任务 
 
任职要求 
● 国内985高校计算机科学类本科及研究生在读 
● 熟练掌握Python，熟悉Linux环境 
● 热爱编程，有一定的代码项目经验 
● 自驱力强，对工作认真负责，渴望成长和提高 
● 优秀的分析和解决问题能力 
● 性格阳光，乐观，有优秀的沟通能力和良好的社交习惯 
 
额外加分项 
● 省级以上物理数学类竞赛获奖经历者 
● 熟练使用数据分析工具，例如 numpy、pandas 和 matplotlib"
Python数据开发实习生【200-400元/日】,"成都 - 武侯区- 天府国际金融中心11号楼南塔
",2022/11/22,在校,应届,6k-9k,"

上海天王星

","

数据服务｜咨询 / 未融资 / 50-150人

",大佬带教；可转正实习；年轻活跃,"天王星量化旗下数据科学团队，正在寻找一名Python数据开发实习生加入我们的数据科学研究系统开发项目，您将在优秀的开发人员的指导下，学习并参与数据清洗和因子优化的工作。 
 
 
岗位职责 
● 有机会学习量化交易相关的数据科学知识，包括不限于自动化数据清洗、采样、特征构造等 
● 有机会参与开发量化交易研究的回测系统组件 
● 有机会协助量化研究人员开发alpha因子、拟合工具、组合优化工具等 
● 有机会参与学习和开发机器学习算法相关组件 
● 完成上级交代的其他任务 
 
 
任职要求 
● 国内985高校计算机科学类本科及研究生在读 
● 熟练掌握Python，熟悉Linux环境 
● 热爱编程，有一定的代码项目经验 
● 自驱力强，对工作认真负责，渴望成长和提高 
● 优秀的分析和解决问题能力 
● 性格阳光，乐观，有优秀的沟通能力和良好的社交习惯 
 
 
额外加分项 
● 省级以上物理数学类竞赛获奖经历者 
● 熟练使用数据分析工具，例如 numpy、pandas 和 matplotlib"
大数据后端工程师-抖音生活服务,"成都 - 武侯区- 中国大陆四川省成都市武侯区(do not use) 天府四街158号OCG国际中心C座梦想加17层，邮编：610094
",15:35发布,不限 ,不限,25k-50k,"

字节跳动

","

内容资讯,短视频 / D轮及以上 / 2000人以上

","下午茶,五险一金,团队氛围好,带薪休假","职位职责： 
1、参与生活服务业务商家数据平台产品的落地，包括数据参谋、数据工厂等系列数据平台产品； 
2、参与数据产品架构设计和后端开发，设计和实现Web后端和关键数据服务； 
3、参与数据产品的功能迭代和性能优化，提高效率，优化流程。 
职位要求： 
1、有本地生活行业经验的优先，对酒旅、外卖、综合、餐饮行业的业务模式和商业逻辑清晰的优先； 
2、熟悉互联网产品和服务的开发过程，熟悉后端技术架构，具备良好的系统设计能力； 
3、扎实的计算机基础，对技术有热情，愿意不断尝试新技术和业务挑战； 
4、善于沟通，对业务敏感，能快速理解业务背景，具备优秀的技术与业务结合能力； 
5、熟练使用clickhouse、presto、doris等mpp查询引擎，具备数据组件化开发的能力； 
6、具备较好的数据分析sense，有良好的协作能力。"
大数据开发工程师,"成都 - 武侯区- 剑南大道中段716号瑞鑫时代大厦
",2023/7/26,3-5年 ,本科,8k-12k,"

延华医疗研究院

","

IT技术服务｜咨询,数据服务｜咨询 / 上市公司 / 150-500人

",医疗大数据，国家重点方向,"岗位职责：

1.参与数据中心建设数据存储方案制定。

2.参与数据中心数据存储能力评估。

3.负责数据中心环境维护与优化。

4.支撑数据开发人员快速完成开发工作。

个人能力：

1.有大数据存储、分析相关项目工作经验，承担核心工作。

2.?掌握与大数据处理相关的技术，包括但不限于Hadoop，Hbase，Hive等。

3.?掌握常用的的mpp数据库，包含但不限于Doris?与?ClickHouse等。

4.?掌握常用的关系形数据库，包含但不限于?sql?server，oracle，mysql等。"
后端研发工程师（大数据开发）,"成都 - 郫都区- 成都市高新西区新业路88号
",2025/3/17,3-5年 ,本科,12k-24k,"

成都天奥集团有限公司

","

","五险一金,专业培训,节假日福利","岗位职责：
1.负责数据分析、加工、清洗、处理程序的开发、故障修复处理；
2.协助进行大数据相关的需求分析及架构方案设计；
3.负责大数据相关平台的搭建、开发、维护、优化；
4.负责部分后端java后端开发；
5.负责项目中文档的编写工作；
6.能够根据项目需要，接受出差，在现场完成部分开发工作。
任职要求：
1.本科及以上学历，计算机或者数学等相关专业，具备3年以上工作经验；
2.熟悉MySQL/Oracle，熟练使用SQL语言，具备SQL调优能力；
3.掌握Java基础，熟练使用springboot，springcloud，spring，spring mvc，mybatis等常用框架；
4.掌握常用ETL开发工具，熟悉常用的非关系数据库（Hbase/MangoDB/Kudu等）；
5.掌握离线大数据开发工具的使用(hdfs、hive、spark、impala等)，具有完整项目作战经验；
6.熟悉实时大数据开发工具的使用（flink、spark streaming、kafka等），有实时数据开发经验更佳；
7.熟悉Linux开发环境，熟悉常用的Linux命令；
8.了解Docker、k8s，能使用Docker进行容器化部署服务更佳；
9.有智能问答、知识图谱工作经验者优先。"
大数据开发工程师,"成都 - 高新区- 吉泰五路88号香年广场T2楼1206号（天府三街地铁站）
",2024/12/1,3-5年 ,大专,10k-16k,"

微银合创

","

数据服务｜咨询 / 不需要融资 / 15-50人

",五险一金，年终奖，体检，节日福利，周末双休,"技能要求： 
 
Hadoop生态相关组件，Linux，IMPALA，Python，Oracle，MySQL，Linux 
 
职位描述： 
1、基于公司大数据平台，设计大数据相关项目的技术方案； 
2、负责数据调研、数据接入、数据建模、数据清洗、数据映射、数据可视化等工作； 
3、负责对数据进行分析，为项目组提供大数据技术指导及分析手段支撑，BI报表输出； 
4、负责大数据平台的安装、部署； 
5、负责大数据平台的性能监控和持续优化； 
6、针对需求提供大数据分析技术解决方案。 
 
 
任职要求： 
1、本科及以上学历，3-5年工作经验，活跃、严谨的思维，理解能力强，交流沟通无障碍； 
2、熟练Hadoop生态相关大数据工具，熟练使用SQL，熟悉Python或Java； 
3、熟悉oracle，db2，hive, spark, impala, ETL等技术，能独立承担报表设计和开发工作； 
4、熟悉阿里dataphin/dataworks、袋鼠数栈产品的优先； 
5、熟悉Linux操作系统； 
6、良好的数据敏感度，能从海量数据提炼核心结果；有丰富的数据分析、挖掘、清洗和建模的经验； 
7、熟悉银行业务, 丰富的BI指标体系建设经验优先。"
大数据开发工程师,"成都 - 武侯区 - 双楠- 龙腾东路36号中海大厦7楼709
",2023/3/3,3-5年 ,大专,10k-20k,"

天源迪科

","

IT技术服务｜咨询 / 上市公司 / 2000人以上

",年底双薪、年终奖、过节费、五险一金、周末双休,"岗位职责： 
负责大数据相关任务的设计与开发 
岗位要求： 
1、大专及以上学历，3-5相关工作经验； 
2、深刻理解大数据处理（流计算，分布式计算，分布式文件系统，分布式存储等）相关技术和实现方法； 
3、熟悉Hadoop大数据生态圈技术，精通分布式存储Hdfs,Hive,Hbase,Es等，资源调度Yarn、Oozie、Azkaban等，计算框架 Spark,Prosto,Hive,Impala等； 
3、熟悉sqoop,flume,kafka等，熟悉Nifi源码优先； 
4、熟悉并掌握离线和实时数据处理流程，熟练使用mapreduce，Spark，Flink处理； 
5、熟练掌握springmvc、springboot开发； 
6、熟练掌握Java、Scala开发，有Python语言开发经验优先； 
7、熟悉Linux系统；"
大数据开发工程师,"成都 - 锦江区- 二环路东五段239号“华润广场”A座1909号
",2023/10/10,5-10年 ,本科,12k-16k,"

创博云软

","

IT技术服务｜咨询 / 未融资 / 15-50人

",双休、带薪年假、奖金、政府项目、工作稳定,"一、岗位职责： 
1、负责公司大数据平台系统与应用研发，基于大数据技术特点对数据的处理、抽取、挖掘、分析以及功能代码的实现； 
2、深入理解业务逻辑，结合当前架构或业务场景提供可行性优化方案，参与数据模型体系构建、数据模型算法实现、数据主题设计 和开发，搭建实时和离线的数据公共层； 
3、主导建立和维护大数据平台技术标准规范，指导开发人员编写代码，编写相关技术文档； 
4、关注大数据领域前沿技术、方法，将合适的技术方案适时引入业务场景。 
二、任职资格： 
1、计算机科学与技术、大数据、应用数学等相关专业，本科及以上学历，5年及以上工作经验； 
2、熟练掌握大数据平台（包括但不限于Hadoop、HDFS、Map Reduce等）基本原理及架构，了解大数据通用平台物理设备、网络转发、端口协议等方面的知识； 
3、对大数据生态圈有深入认识，对大数据基础架构和平台底层原理有深度理解和丰富开发经验，具备Hadoop、Hive、HBase、kudu、Impala、Kafka、MapReduce、Spark、Kylin、Oozie、Sqoop、ElasticSearh等技术的熟练使用。 
4、熟练掌握常见SQL、NoSQL数据库原理、数据库设计、查询编写和优化； 
5、熟练掌握JAVA语言，熟悉Spring Cloud微服务架构，对JVM有了解者优先，熟悉Python更佳； 
6、对数据敏感，能够通过业务模式和数据字典洞察数据规律，总结归纳数据规范； 
7、具备优秀的沟通和组织协调能力，有团队意识，任务执行力强； 
8、具备大数据平台运维和开发经验，能够独立升级大数据平台核心组件及相关功能者优先。 
*不是外包公司，项目稳定、工作稳定。 
"
大数据开发工程师,"成都 - 成华区 - 圣灯- 万科天荟40f
",2023/7/22,3-5年 ,本科,20k-30k,"

前海一方

","

科技金融 / 未融资 / 500-2000人

",发展前景,"岗位职责： 
1.负责利用各大数据技术，进行数据中台的大数据应用开发、迭代等工作； 
2.协助大数据产品经理进行供应链金融流程体系中大数据相关需求的挖掘； 
3.协助大数据产品经理进行需求可行性技术分析； 
4.负责数据平台的架构设计、搭建、开发工作； 
5.负责分析大数据平台系统瓶颈与架构合理性，促进服务架构优化。 
 
职位要求： 
1.本科及以上学历，计算机等相关专业优先； 
2.3年以上大数据相关开发项目经验； 
3.熟练使用大数据相关开源工具/框架，如Hive/Flink/Spark/MQ/OLAP/数据湖/ES/KV； 
4.掌握一门或多门编程语言，如Java、Python、Go等，有扎实的操作系统知识、系统性能意识，良好的代码能力； 
5.有一定的分布式存储，或者大数据计算，或者分布式数据库等领域的研究和工作经历； 
6.工作认真负责，对目标有自驱力，注重技术细节，能独立领导大型系统开发，有良好的团队合作精神，有大数据团队负责人角色经验者优先。"
大数据开发工程师,"成都 - 武侯区 - 小天竺- 人民南路三段1号平安财富中心10楼
",2023/4/2,3-5年 ,大专,14k-19k,"

博悦科创

","

IT技术服务｜咨询 / 不需要融资 / 500-2000人

",五险一金 下午茶 带薪年假 团建,"1、专科以上学历，三年以上Java/大数据开发工作经验； 
2、有一定的JAVA功底，熟练掌握SpringMVC、SpringBoot、SpringCloud、Mybatis等开发框架，能够独立完成相关业务功能和接口的开发； 
3、熟悉大数据平台相关组件的使用，如hadoop、hbase、elasticsearch、hive、spark、flink、ck、azkaban等； 
5、熟练掌握常用的关系型及非关系型数据库，如：Oracle、Mysql、Redis、MongoDB； 
6、熟练使用sql进行数据分析，对于复杂sql复杂的存储过程，能够逐步拆解能力； 
7、良好的设计和编码品味，热爱技术，有较强的学习能力，有强烈的求知欲、好奇心和进取心； 
8、具备良好的抗压能力、团队合作精神、有高度的工作责任心，有良好的沟通理解能力； 
9、有服务端分布式开发经验/金融行业工作经验优先。 
职责： 
1、负责系统功能模块设计，参与系统相关项目需求代码评审、设计、编码等工作； 2、与开发负责人、产品经理等项目干系人交流沟通，完成项目需求详细设计、开发等工作； 3、对所负责的系统模块信息安全、代码质量、代码缺陷修复、新功能开发、开发任务进度工作负责； 4、制定合理的工作计划，并在执行的过程中不断监控和管理风险，消除风险，避免对项目造成不良影响； 5、跟进解决各类潜在系统的技术风险、潜在隐患，协助支持测试，能够快速定位和解决相关测试问题； 6、参与完成部分数据分析工作。"
java开发工程师,"武汉 - 江夏区- 武汉市江夏区通达广场
",15:25发布,不限 ,大专,9k-13k,"

上海剑愚机电设备有限公司

","

制造业 / 不需要融资 / 少于15人

","五险一金,全勤奖,绩效奖金","职位描述：
1、设计系统模块和功能，并独立完成开发任务；
2、能够对现有系统的不足进行分析，找出问题，推动解决；
3、深入理解业务，技术驱动产品发展，能够对项目做技术规划；
4、关注客户提出的问题和建议，积极推动解决问题；
任职资格：
1、大专及以上学历，计算机、软件工程，通信等相关专业优先考虑；
2、有相关Java以及Web相关的开发经验。
3、精通Java开发栈,熟练使用SSM应用框架及mysql数据库，熟悉分布式系统设计原理和开发；
4、熟悉vue、bootstrap等前端技术优先；
5、具备良好的分析，定位以及解决问题的能力；
6、具备良好的沟通能力，团队协作能力，责任心以及耐心。"
Java开发工程师,"武汉 - 武昌区- 湖北省科技创业大厦-A座
",3天前发布,不限 ,大专,8k-12k,"

湖北承众人力资源有限公司

","

专业服务｜咨询,营销服务｜咨询 / 不需要融资 / 150-500人

","五险一金,定期体检,绩效奖金","岗位职责： 
1 负责软件项目的详细设计、编码和内部测试的实施，对小型软件项目兼任系统分析、设计工作; 
2 与项目经理、系统架构师和其他软件工程师紧密合作，设计和实现系统或软件产品; 
3 参与软件模块、数据库的设计，解决产品开发中遇到的各种问题 ; 
4 参与软件维护、运营过程中技术问题的解决; 
5 负责相关技术文档的编写(如设计文档、测试文档等)。 
岗位要求： 
1 计算机相关专业大专以上学历; 
2.精通SQL，熟练使用HSQL实现数据处理逻辑，并具备数据处理调优的能力; 
3 熟悉Linux开发环境，熟悉Linux的shell命令； 
4 具有良好的逻辑思维能力和严谨的程序开发思想，具备独立问题排查与处理的能力; 
5 欢迎应届生投递，可提供实习。"
Java开发,"武汉 - 江夏区- 星火数字科创中心
",3天前发布,不限 ,本科,10k-15k,"

陕西凉温信息科技有限公司

","

","五险一金,全勤奖,绩效奖金","岗位职责
1、负责 JAVA 技术方向的产品和项目研发工作；
2、参与架构设计和实现，根据开发流程进行设计，开发，测试，交付以满足需
求；
3、参与项目重点、难点的技术攻坚；
4、参与相关系统文档的撰写和维护；
5、负责对初级工程师进行技术指导和解惑；
6、制定项目研发计划，把控项目研发进度，控制项目质量、进度。 
岗位要求
1、本科及以上学历，计算机类，电子通信类，网络工程，软件工程等相关专业；
2、熟悉 Java 开发框架，如 SpringMVC、Hibernate 等，熟悉数据库Mysql 的使用，并具有一定优化经验，具有 mongodb 使用经验者优先；
3、有 Tomcat、JBoss,Weblogic、WAS 等开发经验，熟悉 LINUX 操作平台；
4、有系统设计相关工作者或者有志向带领团队开发工作者优先考虑；"
java开发工程师,"武汉 - 江夏区- 川岚商业大厦
",2023/5/4,不限 ,大专,6k-12k,"

江西锦华仁

","

在线医疗,软件服务｜咨询,医疗｜保健｜美容 / 不需要融资 / 少于15人

",14薪、节假日福利,"岗位职责： 
1、参加基于Java技术的项目开发； 
2、参与系统分析与设计，并负责完成项目模块核心代码开发； 
3、根据开发规范与流程在产品框架基础上独立完成模块的设计、编码、测试以及相关文档； 
4、能独立解决开发中遇到的难点问题； 
5、负责开发过程中相关新技术的研究和验证。 
-------------------------------------------------------------------- 
任职要求： 
1、计算机软件相关行业，有医疗信息化开发经验优先考虑； 
2、Java基础扎实，对java语言规范有深刻理解 ； 
3、熟悉软件技术文档的编写，具备良好的文档编制习惯和代码书写规范； 
4、熟悉javascript、html/xhtml、xml、CSS、AJAX等技术； 
5、熟悉Spring boot,Spring Cloud, SpringMvc,MyBatis等主流的开发框架，熟悉mybatis等ORM中间件； 
6、熟悉MySQL、 Oracle、sqlServer等其中一种数据库，有sql优化经验者优先； 
7、掌握常用的开发工具，如idea，eclipse，maven，git，svn等； 
8、熟练Linux操作系统基本操作命令，熟悉dubbo,redis、MQ、 等常用中间件; 
9、具有较强的学习、分析问题解决问题的能力，具有良好的团队合作精神及灵活的沟通的能力。"
java开发工程师,"武汉 - 洪山区- 文化大道555号融创智谷
",2024/11/19,在校,应届,4k-8k,"

北京超星数图信息技术有限公司

","

移动互联网,教育 / 不需要融资 / 2000人以上

",环境优美，大牛一对一带教、团队氛围Nice,"多种多样的下午茶，丰富多彩的团建活动，和谐奋进的团队氛围，开放包容的团队基因。 
舒适的办公环境，一栋七层办公楼，拥有健身房，图书馆（湖北省图共建对外开放），休闲室，顶楼有休闲露台。 
7号地铁旁，毗邻浩渺汤逊湖，工作之余，依窗观湖，惬意舒适。 
岗位职责： 
1.参与技术方案设计工作； 
2.负责技术方案的开发、实现、维护工作 
3.编写出规范的、高质量的代码实现 
任职条件： 
1.**本科以上学历，计算机、软件工程、计算机应用等相关专业，有高并发经验优先。 
2.熟练掌握JAVA开发环境及JAVA基本知识，有较好的分析和设计能力。 
3.熟练使用SpringMVC、Spring Boot、Mybatis、Mybatis-plus、Hibernate等框架并理解其设计思想和实现方式，有JS、HTML/CSS、VUE、JQuery等Web开发经验尤佳。 
4.会用Mysql等数据库，并具有编写较复杂sql的能力，有优化sql能力语句优先。 
5.熟悉缓存（如Redis）、消息队列（如Kafaka）,熟练掌握JVM调优者优先。 
6态度端正、踏实肯干，富有责任心具有较强的学习能力和编码能力。 
7.思路清晰，表达良好，有良好的沟通能力和人际关系，具有团队合作精神。"
java开发工程师,"武汉 - 江汉区 - 民权- 沿江大道广源大厦802室
",2024/4/13,不限 ,本科,10k-20k,"

上海图源素

","

软件服务｜咨询,IT技术服务｜咨询,人工智能服务 / 未融资 / 50-150人

",行业资深团队初创公司，未来无限可能,"一、岗位职责： 
1、参与公司企业级产品后端的研发，确保系统的安全、高可用性和可靠性； 
2、负责高质量的设计和编码，承担重点、难点的技术攻坚； 
3、参与产品讨论，完善产品细节，提出优化的解决方案； 
4、负责编写和维护开发设计相关文档； 
5、协助完成项目的测试、运维等相关工作。 
二、岗位要求： 
1、计算机相关专业，本科及以上学历，2年以上JAVA开发经验； 
2、熟悉相关软件开发工具（如IDEA、Eclipse、VisualStudio等）； 
3、熟悉Java体系，Maven、Git等常用工具的使用，熟悉JVM； 
4、熟悉分布式服务框架（如springcloud、dubbo等）、分布式缓存、消息中间件、RPC框架、负载均衡、安全防御等技术； 
5、掌握常用中间件使用，包括Redis、MongoDB、Nginx、Elasticsearch等； 
6、熟悉Linux常用命令，有线上分析解决问题能力； 
7、了解容器化技术，持续集成，持续部署，包括k8s、jenkins等开源软件； 
8、责任心强，具备良好的问题分析能力、对外沟通能力和团队协作能力，能独立承担任务和有系统进度把控能力。"
资深Java工程师,"武汉 - 洪山区- 融创智谷-2号门B1栋1106室
",2024/11/21,不限 ,大专,8k-15k,"

湖北名鑫技术有限公司

","

软件服务｜咨询,数据服务｜咨询 / 不需要融资 / 50-150人

","五险一金,绩效奖金,定期体检","工作内容： 
我们正在寻找一位富有经验的Java开发工程师，负责开发和维护公司网站的应用程序。主要职责包括： 
- 负责开发和维护公司网站的Java应用程序，包括前后端开发； 
- 与团队成员合作，完成项目需求，并确保项目按时完成； 
- 进行代码审查，并解决代码相关的问题； 
- 参与项目设计，并给出有价值的建议。 
职位要求： 
- 熟悉Web应用程序开发； 
- 熟悉Spring框架，MyBatis，Hibernate等 ORM框架； 
- 熟悉数据库，如MySQL，Oracle等； 
- 熟悉Linux系统，并能够编写Shell脚本； 
- 熟悉敏捷开发模式，具备团队协作经验。"
Java开发工程师——武汉,"武汉 - 洪山区- 雄楚大道21号校友创新中心202
",2022/10/20,在校,应届,5k-9k,"

兆信股份

","

移动互联网 / 上市公司 / 150-500人

",大牛指路，有转正机会,"工作职责： 
 
1、分析当前系统需求、完成子系统和模块设计; 
 
2、快速定位和解决线上问题； 
 
3、优化软件系统性能、提高系统稳定性和安全性； 
 
岗位要求： 
 
1. 统招本科及以上学历，计算机相关专业优先 
 
2. 能熟练掌握至少一门软件开发语言，熟悉算法、数据结构等基础知识，理解面向对象的分析和设计 
 
3. 参加过软件开发项目或计算机相关竞赛奖项者优先 
 
4. 有在高科技、互联网公司实习经验者优先 
 
5. 关注细节，工作严谨，口头和书面表达沟通能力强 
 
6. 聪明好学，积极主动，具备良好的学习能力和独立解决问题的能力 
 
7. 做事认真踏实，具有高度的工作意识和良好的团队精神"
初级Java工程师（未来科技城）,"武汉 - 江夏区- 豹澥街道未来科技城E1
",2023/6/8,不限 ,本科,7k-14k,"

中软国际科技服务有限公司

","

IT技术服务｜咨询 / 上市公司 / 2000人以上

",周末双休，五险一金,"1、有JAVA开发经验； 
2、对JAVA语言有深入的理解，如面向对象基础，熟悉常用的设计模式； 
3、熟练使用SpringMVC,myBatis,jQuery主流框架进行开发； 
4、熟练使用maven对项目进行构建、打包、发布； 
5、熟悉SQL语言，当前的主流数据库都了解，熟练使用Oracle等； 
持有工业和信息化部人才交流中心颁发的可信软件开发工程师证书的候选人同等条件下将优先录用"
java前端开发工程师,"武汉 - 洪山区- 野芷湖西路创意天地07办公楼603
",2024/6/16,不限 ,本科,6k-8k,"

星际互动

","

企业服务,软件开发 / 未融资 / 50-150人

",六险、年终奖、周末双休、定期团建,"岗位职责： 
1、按照详细的设计，完成基础性的代码设计、代码编写； 
2、对自行编制完成的基础性代码进行调试及测试； 
3、修复测试发现代码缺陷，确保质量； 
4、按照详细设计流程、计划，定时完成工作； 
5、辅助进行文档资料整理、收集资料； 
6、协助高级程序员进行工作，协助算法研究员进行算法测试； 
7、主动提交工作报告及进度报告供组织掌握项目情况； 
8、公司安排的其他事宜等。 
职位要求： 
1、本科以上学历，IT软件、计算机、互联网等相关专业； 
2、熟悉JavaScript、Ajax、JQuery等前端开发脚本技能，了解并能熟练应用VUE，LayUI,RuoYI等框架 对交互设计有较深的理解和大量的实践； 
3、精通HTML/XHTML、CSS，能够快速手写CSS代码，熟悉页面架构和布局。 
4、熟悉Web网站以及Web应用的可用性及用户分析方法，深入理解产品流程、用户体验和用户需求，对提升用户体验有一定经验及造诣。 
5、熟练使用前端代码管理及打包工具，具备良好的文档编写能力"
java软件开发实习生,"武汉 - 东湖新技术开发区 - 无- 金融港A6
",2023/8/18,在校,应届,6k-7k,"

域尚

","

电商 / B轮 / 150-500人

",每年都有升职加薪的机会,"任职要求

1、*****本科学历，计算机相关专业优先考虑

2、JAVA基础扎实，熟悉io、多线程、集合等基础框架，了解分布式、缓存、消息、搜索等机制

3、半年以上Java领域的设计与开发经验，熟悉至少一种Spring.ibatis等主流开发框架4、Java语言开发工作经验，有良好的编码风格

5、了解常用设计模式，有大型分布式、高并发系统设计开发经验5、有GIS相关开发经验优先

6、热爱技术，参与技术开源社区者优先考虑。

备注1、公司2007年成立，201?2年新三板上市，在同行业处于领先水平2、工作时间：周末双休，5天8小时制，国家法定节假日3、高农生物园总部上班上下班有免费班车接送4、六险一盒，补充商业保险，团建旅游，快快加入我们吧!"
Java开发实习生（24届-武汉）,"武汉 - 武昌区 - 中北路- 公正路216号平安国际金融大厦
",2023/4/20,在校,应届,4k-6k,"

华资软件

","

软件服务｜咨询,IT技术服务｜咨询 / 不需要融资 / 500-2000人

",六险一金，福利好，大平台，大项目,"工作职责: 
1、承担功能的代码实现，能够按照设计文档的要求准确编写各项功能的完整代码，并完成单元测试； 
2、按照项目开发进度与任务分配，开发相应的软件模块； 
3、协助参与团队需求评审，软件类项目开发工作； 
4、负责完成导师交办的其他开发工作。 
 
任职资格: 
1、2024届本科或以上学历，计算机等相关专业，了解软件开发流程； 
2、JAVA基础扎实：熟悉Springmvc、Spring、mybatis框架，了解Springboot框架； 
了解Javascript/Jquery、HTML/CSS等前端开发技能；熟练掌握数据库开发知识，熟悉SQL语法； 
3、具有良好的编程习惯，能够按照规范要求编写项目代码；具备一定的文档编写能力，能够按照要求编写项目文档； 
4、工作认真、细致，具有高度的责任心和团队精神，能够配合团队及时、保质地完成项目任务； 
5、沟通条理性强，积极主动反馈问题，虚心接受指导，同步具备独立解决问题的能力。 
6、实践期间提供导师帮带，每周可到岗实践三天及以上； 
 
在这里你可以获得： 
1、带你一起享受代码乐趣的导师 
2、成熟规范的培养体系内容 
3、一起开心的融洽队友 
4、另对实践期间表现优秀者或实践周期长达5个月及以上者，优先提供华资转正机会。"
研发JAVA,"武汉 - 江夏区 - 流芳- 光谷金融港B15
",2023/6/14,不限 ,本科,9k-16k,"

中科软

","

IT技术服务｜咨询 / 上市公司 / 2000人以上

",上市公司，五险一金，带薪年假,"1） 熟悉Spring Boot, Sprint Cloud框架中的核心组件，熟悉微服务架构体系； 
2） 熟悉Sql Server, Oracle, MySQL等关系型数据库以及MyBatis, JPA等ORM框架及其使用； 
3） 熟悉MongoDB, Redis， ElasticSearch等技术； 
4） 熟悉kafka,AciveMQ,RabbitMQ等消息中间件，以及实际项目经验； 
5） 扎实的JavaScript基础，熟悉jQuery, VUE, React中的一种或多种前端框架； 
6） 熟悉svn,git源码版本管理工具，数量掌握maven技术，具备良好的编码风格； 
7） 熟悉Linux操作系统，能独立执行Java微服务部署，能进行简单的系统配置和调优； 
8） 具备一定的软件架构设计能力，熟悉设计模式，熟悉软件工程；"
初级java开发工程师,"武汉 - 东湖新技术开发区- 光谷软件园
",2023/7/23,在校,应届,10k-15k,"

张湾区创想电脑中心

","

数据服务｜咨询,营销服务｜咨询 / 未融资 / 150-500人

",有下午茶、团建,"岗位职责： 
 
1、负责功能模块的开发，并按照项目设计要求编码； 
 
2、文档编写和单元测试，确保项目的进度和质量； 
 
3、负责应用环境的搭建, 部署和运行环境的监控工作。 
 
任职要求： 
 
1、本科及以上学历，计算机、信息管理、网络工程等相关专业； 
 
2、熟练掌握java语言，精通J2EE，拥有良好的代码习惯，结构清晰，命名规范，有较强的逻辑思维能力； 
 
3、熟悉HTML、JSP、JavaScript、JQuery、AJAX、JSON、XML、FreeMarker等WEB应用开发技术； 
 
4、熟练掌握Struts、Spring、Hibernate、ibatis等主流开发框架，熟悉 
 
其中的原理，熟悉 svn、git、maven等； 
 
5、熟练掌握SQL语句，熟练使用数据库（Oracle、MySQL）； 
 
6、熟悉Linux，Nginx，熟练配置维护Tomcat, Jetty等应用服务器； 
 
7、自我管理能力强，有良好的时间意识,有较好的沟通协调能力，.具备独立动手解决问题的能力； 
 
8、211以上学历放宽要求可培养"
软件开发工程师 java c c++ python js,"武汉 - 武昌区 - 徐东- 山河大厦
",2024/11/5,不限 ,本科,10k-18k,"

驰光铭图科技

","

软件服务｜咨询,IT技术服务｜咨询 / 不需要融资 / 50-150人

",行业领先，完善的培训和员工成长体系,"【岗位职责】 
1. 分析用户需求和用户反馈信息，形成具体技术方案。 
2. 重点负责基于矢量图操作、计算，以及图形处理的算法与实现，软件算法的重构，并达到要求的质量标准。 
3. 负责相关的软件测试，以及后期技术支持和产品维护等。 
 
【任职要求】 
1. 计算机专业或信息技术相关专业优先，本科以上学历。 
2. 能够熟练使用ChatGPT。 
3. 拥有2年以上软件开发工作经验，具有软件架构设计和电子类EDA软件开发经验者优先。 
3. 熟练掌握C/C++和Python编程语言，具有较强的应用软件和AI软件的学习和使用能力，有算法研究经验者优先。 
4. 具有矢量图操作、编辑和运算的程序开发经验者优先。 
5. 踏实肯干，诚实守信，责任心强，具有良好的团队合作精神，以及较强的开拓进取精神。 
 
【公司福利】： 
五险一金，年终奖励、项目奖金等； 
周末双休，依法享受法定节假日、带薪年假等； 
完善的培训和员工成长体系，助力员工快速成长； 
各类节日福利，零食下午茶，加班补贴，交通补贴，丰富的团建活动等。"
PHP开发工程师,"武汉 - 江汉区- 武汉市江汉区泛海国际中心
",2天前发布,5-10年 ,本科,6k-12k,"

纵横保安

","

软件服务｜咨询,数据服务｜咨询 / 不需要融资 / 2000人以上

",弹性工作,"岗位要求：
1.负责Java项目的整体管理，包括开发周期的评估与进度控制，确保项目按时交付；根据硬件环境，搭建并配置合适的Java开发环境及框架版本，确保项目基础架构的稳定性和高效性；
2. 负责PHP项目的模块管理、模块开发及接口开发周期的规划与执行；
3. 参与需求可行性分析，明确Java和PHP项目的架构需求，确保开发方向与业务需求一致；
4. 根据产品UI设计，与前后端开发人员协作，确定接口设计及页面渲染方案，确保用户体验与功能实现的协调；
5.持续维护，提升和优化代码质量及服务性能；
6.完成相关的技术文档编写；
7. 能服从调度安排，可接受出差，完成指派任务。

专业知识及技能要求：
1.PHP/Java等相关专业本科以上学历；
2.5年以上Java及PHa开发经验,从事过暖通行业优先；
3. 具备良好的组织协调、沟通表达能力和较强的团队协作能力；
4. 工作态度认真、责任心强、肯吃苦；
5. 有一定的抗压能力和上进心。"
PHP,"武汉 - 江汉区- 红T时尚创意街区5栋3层博看网
",2025/3/19,3-5年 ,本科,11k-15k,"

博看网

","

","年终奖,法定节假,带薪年假","【岗位职责】
1、负责公司产品的后端开发与维护，基于ThinkPHP框架进行功能模块设计与实现；
2、参与系统性能优化. 数据处理与分析. 接口开发与调试；
3、协助制定技术方案，完成代码评审及项目文档编写；
4、与前端工程师. 产品经理协作，确保产品高质量交付；

【任职要求】
1、本科及以上学历，计算机相关专业，3年以上PHP开发经验；
2、精通ThinkPHP框架，熟悉其核心机制及扩展开发；
3、具备Python编程能力，能独立完成脚本开发或工具实现；
4、熟悉MySQL等数据库设计与优化，掌握Redis/Memcached等缓存技术；
5、了解Git版本控制. Linux环境部署及常见Web服务器配置；
6、逻辑清晰，具备问题分析与解决能力，有团队协作意识；

【薪资福利】02
1、具有竞争力的薪资——高于行业平均水平的薪酬，一年两次调薪机会，努力就会有回报。
2、丰富完善的福利——五险一金+超长带薪年假+年终奖+各种团队建设活动+户外拓展培训+国内外旅游奖励+年会+各类亲子活动
3、工作时间——周一至周五：8:30——18:00，午休两小时，周日：14:00—18:00。法定节假日按国家标准休假，更有8—15天超长带薪年假和各类法定带薪假期。02
4、职业发展规划——无空降高管，全部由内部晋升提拔！提供科学的考核体系，健全的晋升机制以及广阔的发展空间。02
5、完善的员工培训——提供专业培训，涵盖专业知识、产品知识、沟通技巧、管理技巧、企业文化等，全方位提升个人综合能力。
6、办公环境——5A级办公写字楼，环境优美，设施设备齐全。
7、团队文化——我们相信团队力量，相信时间的复利，相信趋势的势不可挡！02

公司地址：湖北省武汉市江汉区江旺路8号红T时尚创意街区5栋3层——博看网。
（可地图导航“博看网”到公司附近）"""
PHP全栈网站工程师 (武汉),"武汉 - 洪山区- 武汉市洪山区东湖高新光谷三路光谷生物城C4栋3101
",2025/3/18,1-3年 ,本科,8k-10k,"

英国Biorbyt中国办事处

","

医疗｜保健｜美容 / 不需要融资 / 15-50人

","五险一金,员工旅游,专业培训","工作内容 
80负责公司网站 PC 端和移动端平台的开发、升级和优化。 
80深入了解公司业务，从技术角度为网站和 IT 系统建设提供建议。 
80负责日常网站维护，建立合理的工作流程，确保高效的部门合作与沟通。 
80Web开发框架：使用如React、Angular或Vue.js等工具来简化开发流程。 
80Web性能优化：确保网站快速高效地加载。 
80测试与调试：识别并修复代码中的错误。 
80安全概念：了解并实施安全措施，保护网站和用户。 
80DevOps与部署：掌握自动化部署和管理Web应用的相关技能。 
职位要求 
80至少 2 年 PHP 开发经验，至少参与过 2 个可在线访问的核心项目开发。 
80熟悉 Laravel 框架，理解面向对象思想和常规设计模式。 
80熟悉 HTML、CSS、JavaScript，熟悉至少一种前端框架。 
80熟悉Python 
80熟悉 PostgreSQL02和Django或者，能负责日常数据库维护和管理。 
80具备良好的代码习惯，结构清晰、命名规范、逻辑性强，并经常写作详细的编码注释。 
80拥有坚实的技术基础和快速自学能力，能独立分析和解决技术难题。 
80有良好的英文沟通能力，和我们海外母公司进行沟通。 
80能够积极主动发现问题和解决问题。有清晰的阐述和理解公司的需求，并能用非专业的语言和公司非IT部门进行沟通。 
加分项 
80熟悉 Laravel 源码，或有实现过 Laravel package。 
80熟悉常规的缓存技术、单元测试、安全防护等关联技术。 
80熟悉Node.js, Vue.js，了解 Redis、Beanstalkd 中的任意一种技术 
80熟悉Elasticsearch， 了解SolR。 
80熟悉开源工作流归式、CRM/Magento/物流系统开发和实施经验。 
80熟悉高应用场景下 MySQL or SQL性能优化和横向扩容技术。 
80英语辅助读写能力，有阅读英文技术博客的习惯。 
80具备极强的抽象和架构设计能力，能为前期开发提供有效的设计方案。"
php开发工程师,"武汉 - 江夏区- 武汉市洪山区软件园路9号 光谷软件园F2-5层
",2024/1/31,1-3年 ,本科,8k-12k,"

微创软件

","

IT技术服务｜咨询 / 不需要融资 / 2000人以上

",大厂,"此岗位长期稳定驻场至百度国际事业部，介意外包性质和工作地点勿投，谢谢~ 
 
【工作地点】武汉市洪山区软件园路9号 光谷软件园F2-5层 
【工作时间】10:00-19:00 周末双休，弹性工作制 
 
【任职资格】 
1.熟练使用php/go语言，能独立搭建mac/linux下的运行环境，会使用php/go扩展和组件与php.ini的常见配置项； 
2.熟练使用php/go框架如laravel/workman/swoole/gin等来开发REST API接口，并梳理标准的API文档，熟练对接第三方API； 
3.熟练使用数据库如mysql，能独立安装部署运行，能独立设计规范的数据表字段，熟悉第三方平台mysql服务如RDS，会优化sql，熟悉数据备份和恢复； 
4.熟练使用linux基本命令，能独立配置定时任务，查看系统占用进程，配置nginx转发，排查服务异常原因； 
5.熟练使用git/phpstorm/vscode等主流的开发工具，能独立在mac安装配置使用； 
6.熟练使用aws平台进行域名、服务器、CDN管理的优先，熟悉电商和海外产品相关优先； 
7.熟悉linux下docker、k8s使用； 
8.有前端相关基础知识优先； 
9.态度诚恳，有责任心，有爱心，能踏实独立完成开发任务； 
10.沟通表达能力强，能主动讨论跟进和排查，解决研发过程中遇到的各类问题；"
php开发工程师,"武汉 - 洪山区- 黄家湖大学城
",2023/8/18,1-3年 ,大专,7k-9k,"

微创软件

","

IT技术服务｜咨询 / 不需要融资 / 2000人以上

",五险一金，周末双休,"岗位职责： 
1、负责道聚城业务系统管理端、服务接口、配套工具的PHP、js技术开发和问题排查。 
2、负责道聚城促销活动配置、联调及测试配合。 
 
岗位要求： 
1、精通PHP开发，有良好的OOP思想，熟悉至少一个MVC框架。有golang开发经验的优先。 
2、熟练运用javascript，具备前端调试能力，熟悉ajax等异步通信机制。有vue开发经验的优先。 
3、熟悉至少一种关系型数据库，如mysql，了解常规的sql优化。 
4、有缓存系统使用经验优先，如memcached，redis。 
5、有web安全意识，了解xss，csrf, webshell等常见web漏洞的预防措施。 
6、能承受一定工作压力，踏实细致，主动沟通，责任心强。 
7、2年以上研发岗工作经验。"
php开发工程师,"武汉 - 江夏区- 光谷大道世贸中心C坐408
",2023/3/22,3-5年 ,本科,8k-12k,"

亿昆科技

","

IT技术服务｜咨询 / 不需要融资 / 15-50人

",公司前景好，团队氛围融洽，升职加薪快,"1. 负责项目的详细设计、编码和内部测试的组织实施，对小型软件项目兼任系统分析工作，完成分配项目的开发和技术支持工作。 
2. 参与需求调研、项目可行性分析、技术可行性分析和需求分析。 
3. 熟悉并熟练掌握交付软件部开发的软件项目的相关软件技术。 
4 负责向项目负责人及时反馈软件开发中的情况，并根据实际情况提出改进建议。 
5. 参与软件开发和维护过程中重大技术问题的解决，参与软件首次安装调试、数据割接、用户培训。 
 
技能要求： 
1.精通后端PHP、Mysql、Redis、MongoDB、Linux、Nginx相关知识。 
2.熟悉前端Javascript、Css以及Ajax交互。 
3.能基本运用GIT版本控制器。 
4.了解Phalcon、Zend、Yii、Sympony、ThinkPHP等主流框架。 
5.对大数据的处理有一定了解，对代码效率优化有经验。 
 
岗位要求 
1.有一定项目经验，从事PHP开发工作3年以上。 
2.学习能力中上，需要入职后能快速进入状态，熟悉项目并参与开发工作。 
3.做事细心踏实，执行力强。 
 
五险一金、节假日礼品、团建、项目奖金、年终奖、交通补贴等。"
php后端,"武汉 - 洪山区 - 鲁巷- 洪福添美广场综合四层
",2025/2/28,3-5年 ,本科,9k-12k,"

海居租房

","

房地产｜建筑｜物业 / 未融资 / 2000人以上

","五险一金,年终奖,福利待遇，节假日福利","岗位职责 
1、负责研发公司自有业务系统的新功能； 
2、负责公司自主研发的系统优化和功能维护； 
3、参与团队开发规范的制定和迭代，并切实遵守团队规范； 
4、按照项目计划，撰写接口文档，按时提交高质量代码，完成开发任务； 
5、与研发团队紧密合作，确保技术架构与产品发展策略保持一致。 
 
任职要求 
1、3年以上PHP编程经验，拥有与工作年限相对匹配的工作能力和经验，大专(含)以上学历； 
2、熟悉Redis，RabbitMQ，ElasticSearch等系统，并具备实际的业务落地经验； 
3、熟练使用 laravel 框架，了解 swoole 框架； 
4、对处理复杂逻辑流程的业务系统有兴趣，熟悉移动互联网敏捷开发模式； 
5、有微服务架构、大数据量存储查询优化、高并发场景开发经验优先； 
6、具备优化系统的能力； 
7、具备良好的求知欲和学习能力，对新事物有较强的接受能力； 
8、具备很强的抗压能力、负责任和高效地完成产品的产出； 
9、具备基本的英文文档阅读和书写能力，CET4级及以上"
高级php开发工程师,"武汉 - 洪山区 - 鲁巷- 洪福添美广场综合4楼
",2023/12/6,3-5年 ,本科,9k-14k,"

海居租房

","

房地产｜建筑｜物业 / 未融资 / 2000人以上

",五险一金 全勤奖 年终奖 团建旅游 节日福利,"岗位职责 
1、负责研发公司自有业务系统的新功能； 
2、负责公司自主研发的系统优化和功能维护； 
3、参与团队开发规范的定制和迭代，遵守团队的编码规范； 
4、按照项目计划，撰写接口文档，按时提交高质量代码，完成开发任务； 
5、与研发团队紧密合作，确保技术架构与产品发展策略保持一致。 
任职要求 
1、3年以上PHP编程经验，拥有与工作年限相对匹配的工作能力和经验，大专(含)以上学历； 
2、熟悉Redis，RabbitMQ，ElasticSearch等，并具备实际的业务落地经验； 
3、熟练使用 laravel 框架，了解 swoole 框架； 
4、对处理复杂逻辑流程的业务系统有兴趣，熟悉移动互联网敏捷开发模式； 
5、有微服务架构、大数据量存储查询优化、高并发场景开发经验优先； 
6、具备优化系统的能力； 
7、具备良好的求知欲和学习能力，对新事物有较强的接受能力； 
8、具备很强的抗压能力、负责任和高效地完成产品的产出； 
9、具备基本的英文文档阅读和书写能力，CET4级及以上"
php开发工程师,"武汉 - 洪山区 - 光谷- 泛悦城
",2023/2/10,3-5年 ,本科,9k-13k,"

中慈网络

","

企业服务,工具,通讯电子 / 不需要融资 / 500-2000人

",双休，五险一金，稳定发展，团队氛围好,"【岗位职责】 
1、负责网站、微信业务系统及技术改造类项目的开发工作； 
2、保证业务系统安全、高效稳定运行； 
3、持续系统性能优化，提升系统处理性能； 
4、解决各类潜在系统技术风险，以及推动平台技术的革新。 
 
【任职要求】 
1、**本科及以上学历（硬性要求），3年以上PHP开发经验； 
2、精通MYSQL数据库，sql调优经验，熟悉PHP+MySQL程序设计及开发； 
3、精通yiiFramework框架开发； 
4、熟悉HTML/CSS/JS等相关技术，熟悉Linux/UNIX等操作系统，了解Shell；具有移动互联网业务开发经验； 
5、熟悉开发文档的编写，有良好的编写能力和编程风格。"
高级php开发工程师,"武汉 - 江汉区 - 常青路- 江旺路8号红T时尚创意街区5号楼3层——博看网
",2025/2/25,3-5年 ,本科,12k-18k,"

博看网

","

内容资讯 / 不需要融资 / 150-500人

",技术大牛多,"岗位职责： 
1、负责公司AI商城、AI数字化阅读、LLM大模型及自然语言交互相关服务端开发； 
2、保障系统稳定运行、性能优化、业务可扩展性设计； 
3、负责新项目需求分析、系统设计、数据库设计。 
 
任职要求： 
1、5年以上的开发经验，熟悉git使用流程及规范技巧； 
2、熟练使用Laravel，有扎实的PHP基础，掌握面向对象开发思想； 
3、熟悉LNMP体系开发，熟悉linux 、nginx、php、mysql服务器相关配置优化； 
4、熟悉MySql数据库，掌握MySql优化思想与技巧。对各种Nosql数据库有比较深入的使用； 
5、有Java 、go,python 开发经验优先考虑，有大公司，大项目工作经验优先考虑，有微服务开发工作经验优先考虑； 
6、对AI、LLM、自然语言交互、虚拟数字人视频等前沿技术有了解或相关开发经验； 
7、工作积极主动，能够积极发现问题、优化项目。善于团队合作, 有较好的沟通能力和协调能力。 
 
薪资福利： 
1、薪资：面议+五险一金 
2、作息时间：周一至周五：8:30—18:00，周日：14:00—18:00。法定节假日按国家标准休假，更有8—15天超长带薪年假和国家法定标准的产假。 
3、5A级办公写字楼，办公环境良好，设施设备齐全。 
4、具竞争优势的薪酬制度、科学的考核体系、健全的晋升机制、广阔的发展空间！ 
5、完善的员工培训：专业知识、产品知识、沟通技巧、管理技巧、企业文化、个人能力提升等。 
6、同步国家法定节假日，如元旦、春节、清明节、端午节、劳动节、中秋节、国庆，更有8-15天超长带薪年假和国家法定标准的产假。 
7、轻松的办公氛围、丰富的员工福利，如：员工生日福利、各种团队建设活动、户外拓展培训、国内外旅游奖励、购房首付款支持。 
公司开放的企业文化、活跃的工作氛围、人性化的管理将为每一位员工找到归属感！ 
公司地址：湖北省武汉市江汉区江旺路8号红T时尚创意街区5栋3层——博看网。（可地图导航“红T时尚创意街区”到公司附近） 
工作地址 
武汉 - 江汉区- 江旺路8号红T时尚创意街区5号楼3层——博看网"
高级PHP开发工程师,"武汉 - 硚口区- 恒隆广场
",2023/10/26,3-5年 ,本科,15k-25k,"

MDPI

","

其他 / 不需要融资 / 500-2000人

",六险一金 年度体检,"一、工作职责 
1. 负责公司学术论文出版平台工具和系统的开发与维护； 
2. 负责业务功能模块的需求分析，系统分析，技术方案设计； 
3. 负责研发过程中的代码编码，技术文档编写，性能调优。 
 
二、职位要求 
1. 3年以上PHP开发经验，本科及以上学历； 
2. 熟悉HTML/CSS/JS等相关技术； 
3. 有团队合作开发经验，熟练使用Git等项目的管理工具进行开发； 
4. 熟悉MVC，熟练使用Symfony、Laravel、ThinkPHP等主流框架； 
5. 具备MySQL索引优化，查询优化和存储优化经验，熟练使用redis存储，队列； 
6. 熟悉Unix/Linux操作系统及其常用命令； 
7. 具备良好的代码编程习惯及较强的文档写作能力。 
 
加分条件： 
*熟练的英语读写能力； 
*熟练使用前端框架vue、react等； 
*有在PHP框架基础上进行二次开发或对框架进行优化的经验； 
*具备高并发场景下架构和优化的经验和技巧。 
 
三、工资待遇 
1. 薪资待遇：15K-25K； 
2. 六险一金，周末双休，综合补贴，带薪年假，年度体检，节日福利，婚育红包，儿童福利，活动经费，下午茶等各种福利。 
 
四、办公地点 
武汉市硚口区京汉大道688号武汉恒隆广场办公楼54层"
php开发工程师,"武汉 - 洪山区 - 鲁巷- 关山街道泛悦城T2
",2023/2/10,3-5年 ,本科,10k-15k,"

中慈网络

","

企业服务,工具,通讯电子 / 不需要融资 / 500-2000人

",带薪年假 周末双休 五险一金,"【岗位职责】 
1.负责基础平台核心产品的开发及自测； 
2.编写相关技术文档。 
3.完成所承担功能模块与其他模块的集成、部署、修改、重构与调优； 
4.完成研发经理或者架构师安排的其他工作。 
【任职资格】 
1.熟练应用常用设计模式，具备一定的架构设计能力； 
2.熟练掌握springboot等主流开源框架；熟悉kafka,Mybatis等常用的中间件；redis缓存； 
3.熟练使用mysql、MongoDB数据库，有相关数据库设计和调优； 
4.熟练使用git ；熟悉linux shell; 
5.有大型分布式、高并发、高负载、高可用性系统设计经验者优先。 
6.学习能力强，拥有优秀的逻辑思维能力与自我管理能力； 
7.**本科及以上学历，计算机等相关专业优先考虑。"
php开发工程师,"武汉 - 洪山区- 创意天地10号
",2024/7/4,3-5年 ,大专,10k-15k,"

小晨科技

","

企业服务,软件开发 / 未融资 / 少于15人

",AI相关,"岗位职责： 
1.负责网站、APP、小程序等后端接口开发； 
2.负责数据库设计。 
岗位要求： 
1.拥有3年以上工作经验； 
2.精通Python编程语言； 
3.熟练使用Linux。"
PHP高级开发工程师,"武汉 - 江夏区- 中原数智园10栋402
",2025/3/13,5-10年 ,本科,15k-20k,"

哈哈零兽

","

贸易｜进出口 / 不需要融资 / 50-150人

","五险一金,绩效奖金,出国机会","岗位职责 
1.负责网站系统核心代码的编写； 
2.解决系统中的关键问题和技术难题； 
3.按照计划的时间和质量要求，对网站前后台功能进行修改和升级； 
4.改进增强现有产品的性能与功能，配合产品、设计人员的要求完成项目； 
5.根据业务部门的需求实现网站功能的开发； 
6.负责网站代码的优化和维护，保证网站的运行效率。 
任职要求 
1.本科及以上学历，至少8年以上的PHP项目开发经验，具备良好的代码编程习惯及较强的文档编写能力； 
2.有团队合作开发经验，熟练使用Git等项目的管理工具进行开发； 
3.熟悉MVC，熟练使用Symfony、Laravel、ThinkPHP等主流框架； 
4.具备MySQL索引优化，查询优化和存储优化经验，熟练使用redis存储，队列； 
5.有良好的沟通、协调能力和学习能力，具备良好的团队合作精神，对工作积极严谨踏实，能承受较大的工作压力; 
6.有参与过大流量或者复杂业务逻辑的线上系统开发，或参与过支撑公司负载业务的运营系统的架构设计和项目管理;"
php全栈工程师,"武汉 - 硚口区- 古田二路南泥湾大道国际企业峰汇C1座三楼
",2024/6/20,5-10年 ,大专,8k-15k,"

抖盟

","

软件开发 / 未融资 / 50-150人

",办公环境好，都是年轻人，互联网公司,"职位描述： 
1、精通PHP语言及面向对象编程方法，熟悉JS、CSS、XML、AJAX、HTML等相关WEB开发技术，熟悉jquery、bootstrap； 
2、精通LNMP（Linux+Nginx+MySQL+PHP）体系架构； 
3、精通PHP OOP、熟悉主流MVC框架、熟悉Smarty模板、了解缓存技术、数据库优化等技术； 
4、熟悉MySQL数据库应用开发，了解MySQL的数据库配置管理、性能优化、熟练使用缓存等基本操作技能； 
5、能承受较大的工作压力，有较强团队合作精神，有良好的敬业精神，富于创新精神，具有较强的沟通能力、学习能力； 
6、有小程序开发经验优先； 
7、熟悉至少一种PHP框架（如Zend/Tp/Ci/laravel/yii等），了解框架原理； 
8、要求实际大型PHP项目经验5年以上； 
9、具备独立完成大模块程序设计及开发能力。"
C/C++开发工程师,"武汉 - 江夏区- 武汉大学园路华中科技大学科技园六路6号
",3天前发布,在校,应届,9k-15k,"

中元华电

","

","免费班车,生日礼品,免费工作餐","岗位职责：
1、负责软件代码编写和测试，保证软件质量和进度；
2、负责参与完成部分团队任务；
3、负责产品相关的文档编写；
4、完成上级领导交办的其他工作任务。
任职要求：
1、一类本科及以上学历，自动化、计算机、电子、数学、物理等专业；
2、在校学习成绩优异，有大型软件编程开发竞赛经验者优先；
3、具备良好的沟通表达能力，思路清晰；
4、了解C/C++语言及相关开发工具。"
C++助理工程师（25届）,"武汉 - 洪山区- 珞瑜路10号（群光二期）百脑汇15楼
",2025/3/18,在校,应届,7k-12k,"

卓目科技

","

","定期体检,员工旅游,周末双休","职位描述：
1、负责公司自研产品交付及出差运维工作；
2、负责交付文档的编写；
3、保障客户现场软件稳定性，负责软件故障处理；
4、负责开发&测试环境部署、管理及优化，保障项目研发进度。

任职要求:
1、本科及以上学历，计算机或相关专业，接受25届实习生，提供实习和转正机会，可签订三方协议；
2、熟练掌握C/C++开发，有python开发经验优先；
3、具备良好的系统分析能力，良好的抽象思维和逻辑思维能力，独立分析问题解决问题的能力；
4、能够较长时间的出差；
5、有强烈的上进心和求知欲，善于学习和运用新知识，善于沟通和逻辑表达，有强烈的团队意识和执行力。

福利待遇：
1、工作时间：周一到周五08:45--18:00 / 08:00--17:30，周末双休，法定节假日；
2、试用期起提供五险一金的保障和福利；
3、年终奖、午餐补贴、考勤补贴、生日福利、节假日福利、带薪年假、健康体检、员工旅游、下午茶等；
4、完善的薪酬体系，有竞争力的薪酬待遇。"
C++软件工程师（武汉）,"武汉 - 洪山区- 华中科技大学
",2025/3/11,不限 ,本科,10k-20k,"

苏州千机智能技术有限公司

","

","五险一金,餐饮补贴,带薪年假","岗位职责：
岗位职责：
1. 负责产品模块功能开发、交互功能开发；
2. 根据项目开发计划和任务分配，完成相应软件模块设计、编码、测试、发布部署等任务；
3. 根据需求对现有代码进行修改和定制，软件维护、升级调试、故障调试等；

任职要求：
1. 计算机、数学、机械、电子、自动化等工科专业本科以上；
2. 熟悉C/C++面向对象编程，熟悉QT、python；
3. 深入理解面向对象编程，熟悉系统内存管理、多线程、多进程相关知识；
4. 掌握经典数据结构与算法、了解设计模式；
5. 有CAD/CAM开发经验者优先。"
WINDOWS C++,"武汉 - 洪山区 - 关山- 光谷大道52号国际企业中心伟创楼B302
",2022/11/21,不限 ,本科,5k-10k,"

诺雅光电

","

硬件,人工智能 / 不需要融资 / 15-50人

","带薪年休,五险+商业,节假福利,旅游","任职要求：

1.年龄23周岁以上，通信，电子，软件工程，计算机，自动化等专业毕业，大学本科及以上学历；

2.精通VC++；熟悉MFC、多线程的使用，了解常用数据结构和设计模式；

3,熟悉控制板卡的二次开发，熟悉工控原理，熟悉基于运动控制卡的上位机应用开发，

4.有相关数控系统开发经验者优先；

5.优秀的应届毕业生也可。

岗位职责：

1.基于本公司的控制板卡进行二次开发，板卡软件技术支持；

2.配合销售人员编写技术文档，项目可行性评估；

3.编写开发文档；.

4.完成软件系统及模块编码以及外观美化；

5.对已完成软件系统及模块测试；

6.对已完成软件系统及模块BUG修改，升级；

7.非标软件定制与培训；

8.解答软件在操作使用过程中的疑惑。"
初级c++开发工程师,"武汉 - 东西湖区- 精准医疗产业基地
",2025/2/11,不限 ,硕士,9k-17k,"

武汉沃亿生物有限公司

","

制造业 / 不需要融资 / 50-150人

","五险一金,定期体检,周末双休","职责描述：
1. 参与公司高端显微成像设备软件开发；
2. 参与设备产品功能的需求分析、实现、性能调优，故障排查与修复；
3. 根据质量体系要求撰写相关技术文档；
4. 参与软件框架平台建设、维护、优化。
任职要求：
1. 本科及以上学历，具备扎实的计算机软件专业基础知识
2. 熟练掌握C/C++语言与OO编程思想；
3. 熟悉多线程编程、网络编程、QT框架、设计模式；
4. 具备Windows系统下的开发经验；
5. 熟悉opencv，了解基本图像处理技术加分
6. 有参与设计并完成整个项目开发上市的经验优先；
7. 有精密仪器控制、医疗设备软件开发工作经验优先；"
C++开发工程师(Y7513),"武汉 - 洪山区 - 关山- 光谷软件园A3栋
",2023/2/20,在校,应届,8k-15k,"

中科创达

","

软件开发 / 上市公司 / 2000人以上

",上市公司、黄金赛道、工程师文化,"职位描述： 
1.负责创达业务（智能手机、智能汽车、智能物联网、智能视觉等）某一技术领域的研发工作 
2.负责操作系统前沿技术（形式化验证，IPC，微内核等）的预研 
3.负责操作系统底层框架（虚拟化，内核，硬件抽象，中间件等）的设计与开发 
4.负责操作系统中间层框架（图形子系统，多媒体子系统，camera子系统，通信子系统等）的设计与开发 
5.负责和操作系统相关工具（构建，编译，调试，自动化测试等）的设计/开发 
6.负责操纵系统相关功能相关需求分析和问题解决 
 
职位要求： 
1.**本科及以上学历，计算机、电信等相关理工科专业 
2.热爱软件编程，熟练掌握C++编程语言，有良好的编程习惯 
3.具备优秀的学习能力和深入思考能力, 善于刨根问底, 对具有挑战性的问题充满激情 
4.具备基础的英文或其他语言读写能力，拥有CET4级、其他语言证书、计算机相关比赛/实习经历者优先考虑"
C++实习生,"武汉 - 东湖新技术开发区- 金融港四路18号光谷汇金中心12栋4单元5层1号五层12D-5-02
",2022/12/7,在校,应届,4k-6k,"

数科网维

","

软件服务｜咨询 / 未融资 / 150-500人

",弹性工作、团建,"工作职责： 
1、协助上级参与版式工具版本研发； 
2、SDK开发和维护； 
3、项目支持和客户化定制。 
任职要求： 
1.计算机类相关专业22届、23届学生，本科或以上学历； 
2.熟悉的操作系统/计算机系统结构/计算机网络理论基础知识； 
3.熟悉C语言程序设计与开发，熟悉C+； 
4.具有较强的事业心、责任感以及良好的沟通表达能力和团 
队协作精神； 
5.工作态度积极主动，认真负责，能吃苦。"
C++实习生,"武汉 - 东湖新技术开发区- 未来科技城B3座
",2022/9/1,在校,应届,5k-6k,"

统信软件

","

软件开发 / A轮 / 2000人以上

",国产操作系统,"岗位职责： 
1.Linux桌面应用程序后端的开发和优化; 
2.参与深度桌面环境的完善和维护; 
3.参与上游项目修改 
 
任职要求： 
1.熟悉linux环境下、C/C++开发 
2.熟悉多线程、协程编程、进程间通信; 
3.熟悉make、cmake等构建系统中的一种或多种 
4.2023年毕业本科及以上学历"
c++开发工程师,"武汉 - 江夏区- 湖北省武汉市江夏区藏龙岛科技园藏龙大道3号
",2023/3/14,不限 ,硕士,10k-18k,"

七二二所

","

软件服务｜咨询 / 未融资 / 2000人以上

",五险一金；员工食堂；高温假；,"主要从事嵌入式QT界面开发或基于C/C++语言的界面开发 
1.熟悉嵌入式linux web开发，了解并使用过web框架。 
2.熟悉QT界面开发或基于C/C++语言的界面开发。"
C++中级开发工程师,"武汉 - 洪山区- 武汉市东湖新技术开发区花城大道8号武汉软件新城D7栋
",2天前发布,3-5年 ,本科,10k-20k,"

开目软件

","

","五险一金,绩效奖金,定期体检","所属部门：3DCAPP事业部
岗位职责：
1、根据产品需求文档进行软件开发，完成复杂度中等模块的设计编码及单元测试工作；
2、参与业务方案设计和需求分析，与开发经理配合制定需求方案，进行技术突破工作研究，配合测试人员进行测试；
3、参与业务系统架构设计工作，确保系统具备良好的架构设计并遵循一致的技术规范。

任职要求：
1、重点本科及以上学历，计算机科学与技术、机械工程相关专业；
2、熟练掌握C++语言，具备数据结构、算法等相关知识，具备较好的面向对象编程思想以及编码规范；
3、掌握Windows平台下各种常用开发工具及知识，包括MFC或QT框架知识；
4、3-5年软件开发相关经验，具备机械工程背景知识、熟悉CATIA、NX、Creo、SolidEdge、SolidWorks等三维软件二次开发之一优先；
5、具有良好的沟通和表达能力，团队合作精神；学习能力强，有高度的责任心。"
C++高级开发工程师（武汉）,"武汉 - 洪山区- 武汉市东湖新技术开发区花城大道8号武汉软件新城D7栋
",2天前发布,5-10年 ,本科,12k-24k,"

开目软件

","

","五险一金,绩效奖金,定期体检","所属部门：3DCAPP事业部
岗位职责：
1. 参与架构优化工作，能根据设计文档或需求说明完成代码编写，调试，测试和维护；
2. 参与架构设计、验证及模块化研发工作，包括：架构设计、功能设计、原型开发、编码实施、模块测试等；
3. 能够有效利用设计模式、面向对象方法、代码重用等原则对项目代码进行优化；
4. 分析并解决架构设计及软件开发过程中的问题。

任职要求：
1、重点本科及以上学历，计算机科学与技术、机械工程相关专业；
2、熟练掌握C++语言，具备数据结构、算法等相关知识，具备较好的面向对象编程思想以及编码规范，对软件架构及设计模式有一定的了解和实践；
3、掌握Windows平台下各种常用开发工具及知识，包括MFC或QT框架知识；
4、5年以上软件开发相关经验，具备机械工程背景知识、熟悉CATIA、NX、Creo、SolidEdge、SolidWorks等三维软件二次开发之一优先；
5、具有良好的沟通和表达能力，团队合作精神；学习能力强，有高度的责任心；
6. 具有良好的沟通和表达能力，团队合作精神；学习能力强，有高度的责任心。"
c++开发工程师,"武汉 - 江夏区- 藏龙大道709号
",2天前发布,3-5年 ,本科,8k-13k,"

上海软华网络信息有限公司

","

软件开发 / 不需要融资 / 15-50人

","五险一金,餐饮补贴,年终奖金","岗位职责
1. 负责产品软件需求分析、设计和开发工作。
2. 使用QT实现产品人机界面设计和上位机应用软件开发。
3. 负责软件设计文档的编制。

职位要求
1、电子、通信、计算机等相关本科及以上学历； 
2、3年C++开发经验，1年以上Qt开发经验； 
3、熟悉运用C/C++，Qt开发环境和工具；
4、熟悉linux系统，UDP、TCP等网络协议；
5、良好的沟通能力和团队合作能力，能承受高强度工作；
6、能够熟练编写开发文档，具有良好的文档编写能力；
7、能够适应加班、出差。"
C++开发工程师,"武汉 - 新洲区- 光谷二路鼎杰现代机电信息孵化园20栋8楼
",2天前发布,3-5年 ,本科,10k-15k,"

武汉雷可达科技有限公司

","

","绩效奖金,定期体检,员工旅游","岗位职责
1、负责公司雷达、侦测等产品数据汇总交互的设计及拓展；
2、组织和实施产品数据在终端界面软件上测试及完善；
3、对客户提出的显控界面功能需求进行改进完善；
4、对显控软件进行归档、版本管理。

任职资格
1、熟悉C/C++、tcp/ip协议、多线程、数据结构、mysql等；
2、熟悉Qt、MFC界面编程开发，Qt信号与槽机制、qml等；
3、熟悉接入多类产品或数据进行交互，有组织架构经验等。
4、了解Qt/MFC绘图的优先考虑；
5、了解UI/UE用户界面设计，有相关界面或软件产品设计经验的优先考虑；"
C++软件工程师-人形机器人,"武汉 - 洪山区- 光谷六路88号B12栋T4单元
",2天前发布,1-3年 ,本科,15k-25k,"

格蓝若

","

","五险一金,免费班车,定期体检","岗位职责:
1、负责公司机器人的本体控制的软件开发和测试，软件设计和开发，根据产品功能需求，编写软件设计文档，进行软件编码，自测，对代码进行版本管理，完成产品功能开发；
2、开发公司机器人控制相关的SDK，给内部同事或客户使用；
3、辅助参与产品的规划设计，给机械、电子等硬件出设计意见；
4、负责与项目经理以及产品经理等沟通确认业务需求,制定合理的开发计划。

任职要求:
1、机械电子工程、计算机、电子信息等专业，本科以上学历；
2、熟悉Linux系统环境，掌握C++编程，熟悉进程、线程、内存管理等相关知识及应用；
3、良好的模块化和分层设计思路，熟悉软件开发流程以及常用代码管理工具的使用，具备良好的代码编程风格。
5、有机器人项目经验优先。"
python开发工程师,"武汉 - 江夏区 - 纸坊- 徽商大厦
",2025/3/15,不限 ,本科,5k-8k,"

融智国创

","

智能硬件 / 未融资 / 50-150人

",五险一金、年终绩效奖金、节日礼品、零食下午茶,"岗位职责： 
1、与公司研发团队紧密配置，参与公司产品的开发、需求、详细设计文档的编写； 
2、完成RPA项目开发，要求完成需求分析，现场实施，后期维护等。 
 
任职要求： 
1、熟悉Python语言以及常用的类库； 
2、熟练使用Django、能够独立的进行WEB后台服务开发； 
3、熟悉MySQL、Redis等数据库，对数据库表设计、优化有一定经验； 
4、熟练使用版本管理工具（git），具有规范的代码编写习惯； 
5、有Linux使用经验、了解前端知识优先； 
6、熟悉RPA(机器人流程自动化)及主流RPA产品优先； 
7、有良好的沟通、学习、分析和解决问题的能力，能快速熟悉陌生领域知识的优先； 
8、计算机软件相关专业本科及以上学历。"
python开发工程师,"武汉 - 洪山区 - 街道口- 珞狮北路80号书香门第 2801室
",2023/6/6,不限 ,本科,6k-12k,"

展识科技

","

数据服务｜咨询,IT技术服务｜咨询 / 不需要融资 / 15-50人

",五险一金 周末双休 无加班,"1、参与数据处理、偏知识图谱和事理图谱相关的开发工作； 
2、参与部分核心技术问题的攻关，架构设计，系统优化，协助解决项目开发中的技术难题； 
3、参与项目相关文档的编写及整理。 
 
 
 
任职要求： 
1、计算机、软件工程相关专业本科以上； 
2、熟悉python编码规范，良好的编程习惯； 
3、熟悉常见的数据结构、算法； 
4、对知识图谱、人工智能等前沿技术方向有兴趣；"
量化交易python开发工程师,"武汉 - 洪山区- 湖北省武汉市洪山区文化大道融创智谷
",2023/7/7,不限 ,本科,6k-10k,"

瑞得软件

","

移动互联网,数据服务 / 未融资 / 50-150人

",周末双休 缴纳五险 晋升空间 年底调薪,"职位描述： 
1、能根据搭建好的策略实现交易算法，编写程序、回测验证等； 
2、负责程序化交易模型的编写、测试、监控、维护、优化，并根据实盘跟踪不断改进程序化交易模型； 
3、能快速熟悉股票等投资品种的程序化交易； 
4、负责各交易品种的相关交易数据的大数据收集工具； 
 
任职要求： 
1、计算机、数学、物理、金融工程、统计等相关专业本科及以上学历，责任心强，人品正直，心态积极，快速的反应及学习能力； 
2、具备丰富的数学建模能力，具有较强的数据处理能力和研究能力； 
3、熟练掌握Python编程语言，熟练使用pandas、NumPy库，熟练使用Python进行数据可视化； 
4、对程序化交易有理解，熟悉程序化交易平台的应用； 
5、具有程序化交易工作研究经验者优先； 
6、熟悉套利，有量化交易策略开发的工作经验会优先考虑； 
7、本岗位可考虑有志于长期从事量化交易的在校实习生（实习生薪资另议）；"
python爬虫工程师,"武汉 - 洪山区- 光谷软件园F3栋6楼
",2024/10/9,不限 ,本科,10k-18k,"

多比特

","

游戏 / 不需要融资 / 500-2000人

",团队氛围好，公司发展前景好,"任职要求： 
1. 本科及以上学历 
2. 有Python爬虫相关经验，有web端JS逆向经验，熟练使用Scrapy框架 
3. 熟悉HTML、XPath、正则表达式、AJAX、HTTP协议等 
4. 熟悉MySQL、NoSQL等，了解Git版本管理工具 
5. 熟悉分布式爬虫以及各种抓包工具 
6. 熟悉消息队列，如rabbitmq，kafka等 
加分项： 
1. 有GUI工具pyqt开发经验 
2. 有app逆向开发经验，熟悉ast,frida,objection，能够独立逆向小程序，app等 
3. 有爬虫平台相关开发经验，如xxljob等"
python/matlab工程师,"武汉 - 洪山区- 武汉软件工程职业学院创业学院
",2024/4/8,不限 ,不限,10k-15k,"

慧眼识微

","

软件服务｜咨询 / 未融资 / 少于15人

",地点不限，远程开发,"我们负责找项目，找到项目会在微信群内派单。您远程根据个人时间和意愿接单分析服务，按照工作量报价，接单后需要对项目负责。个人收取70%佣金，平台收取30%佣金。 
【岗位职责&要求】 
1、精通Matlab/python优化、机器学习、深度学习、仿真、复现、算法、神经网络、建模、数字图像识别等其中一项或多项技术 
2、擅长app小程序爬取，会逆向优先。 
3、愿意用专业的技能与经验帮助他人，个性严谨，为人谦和，细心认真，责任心强，**时间较多。 
4、愿意利用**碎片化时间赚取丰厚佣金。"
python爬虫工程师,"武汉 - 洪山区- 佳园路留学生创业园A3116
",2024/5/14,不限 ,不限,6k-8k,"

莱博科技

","

移动互联网,教育 / 不需要融资 / 50-150人

",超长小寒假,"工作内容： 
1、通过编写新的爬虫脚本、通过修复已有爬虫脚本对网站数据进行爬取采集 
2、对爬取的速度、质量负责。 
3、对爬取回来的数据进行清洗（去重、缺失值、空值、乱码异常值等处理），并且进行数据存储 
 
工作要求： 
1、会使用爬虫、能独立编写爬虫脚本爬取数据 
2、能够解决爬取数据过程中的反爬机制（JS逆向、验证码、封IP等） 
3、能够处理千万级以上数据，保证处理存储的有效性（速度+质量） 
4、能接受应届生、勤奋好学、吃苦耐劳"
python开发工程师,"武汉 - 洪山区- 雄楚大道468号洪山数谷1201室
",3天前发布,1-3年 ,本科,8k-15k,"

远宽能源

","

新能源汽车制造 / 不需要融资 / 50-150人

","绩效奖金,定期体检,方案","岗位职责：
1.参与公司仿真软件产品Python端的系统设计与研发；
2.研究项目技术细节，参与技术方案讨论，进行系统框架和核心模块的详细设计；
3.编写软件产品相关文档，管理相关软件文档；
4.参与公司现有软件产品的维护和优化工作；
5.开发和设计新一代软件产品的应用；
6.学习和熟悉行业知识与关键技术。

岗位要求：
1.通信、电气、自动化、计算机及相关专业本科及以上学历；
2.熟练运用Python，熟悉Django，Flask等Web开发框架；
3.熟悉常用的Python三方库，如json、allure、Pandas等；
4.有较强的逻辑思维能力，具备良好的解决问题的能力；
5.如有实际项目开发经验者，优先考虑。"
Python开发工程师,"武汉 - 武昌区- 和平大道745号
",3天前发布,3-5年 ,本科,10k-15k,"

中铁第四勘察设计院集团有限公司

","

房地产｜建筑｜物业 / 不需要融资 / 2000人以上

","方案,保险,社会保险","【岗位职责】
负责AI模型服务中心集成系统开发，实现多模型统一接口集成、API权限管理及资源监控模块
搭建可视化AI工作流系统，开发分布式任务调度引擎、混合编排模块（多模态串联/模型级联）及异常处理机制
构建模型部署发布体系，实现基于Docker/K8s的自动部署及版本管理
优化高性能计算模块，提升模型推理效率，保障系统高并发处理能力
【岗位要求】
本科及以上学历，3年以上Python开发经验，具备分布式系统开发经验，熟悉消息队列（Kafka/RabbitMQ）、数据库（MySQL/Redis）,容器技术（Docker/K8s）及RESTAPI设计
有AI工程化项目经验者优先（模型服务化/工作流引擎（Dify）/MLOps）
良好的系统设计能力，能独立完成技术方案设计及核心模块开发
【其他说明】
1.面试合格后与劳务公司签订劳动合同，服务于数智化事业部，缴纳各项社会保险（五险），另外购买人身意外伤害保险1份。
2.对符合条件者可在武汉市人才中心参加技术职称评定。
3.根据学历、有无工作经验等情况面谈劳动报酬。
4.入职后，经考察可择优推荐参加铁四院数智化事业部招聘。"
Python开发工程师,"武汉 - 汉南区- 吉利通航制造基地(湖北吉利太力飞车有限公司)-西北门2号门
",2025/3/19,1-3年 ,本科,5k-8k,"

旭日蓝天

","

","五险一金,员工旅游,专业培训","岗位职责：
1、深度参与公司核心项目的开发与优化，运用Python实现高效的数据处理与算法逻辑；
2、借助Python及相关技术，结合视觉识别原理，推动项目在图像分析、目标检测等领域的应用落地；
3、与跨部门团队紧密协作，根据项目需求，灵活运用Python、Java等编程语言，保障项目顺利推进；
4、负责代码的编写、调试与维护，确保代码质量和系统的稳定性、可扩展性。
 
任职要求：
1、本科及以上学历，计算机科学与技术、软件工程、人工智能等相关专业；
2、熟练掌握Python编程语言，具备扎实的编程基础，熟悉常用的数据结构和算法；
3、了解视觉识别技术，如OpenCV、TensorFlow、PyTorch等相关框架或工具，有实际项目经验者优先；
4、具备良好的学习能力和团队协作精神，对新技术充满热情，愿意不断学习和探索；
5、工作经验不限，欢迎优秀应届毕业生或实习生投递；
6、接受实习生，需保证每周至少4天的实习时间，实习周期不少于1年。"
python开发工程师,"武汉 - 洪山区- 珞喻路718号
",2025/3/17,1-3年 ,大专,11k-14k,"

广州碧软信息科技有限公司

","

","五险一金,节假日福利,生日补贴","***会python，并且有python项目经验。
负责公司后端系统的开发与维护，包括业务逻辑实现、接口设计与开发，能参与系统架构设计，确保系统的高可用性、可扩展性和安全性。2)实现基于Java的硬件报文接入功能，通过Netty等框架完成硬件设备的数据接收与处理。3)负责硬件设备与后端系统的对接，包括协议解析、数据存储与转发。4)优化系统性能，提升系统的响应速度和稳定性。包括接口文档、系统设计文档等"
python开发工程师,"武汉 - 武昌区- 中铁第四勘察设计院集团有限公司武汉武昌区中铁第四勘察设计院集团有限公司-总部设计大楼铁四院总部设计大楼
",2025/3/17,3-5年 ,本科,10k-14k,"

佰钧成技术

","

软件开发 / 不需要融资 / 2000人以上

","五险一金,定期体检,绩效奖金","岗位职责:
1.参与大模型应用的开发、优化与部署，确保项目按时交付并满足业务需求。
2.参与大模型应用平台的建设与维护，通过技术升级和流程优化，提升系统稳定性和整体性能。
3.与团队成员紧密合作，共同解决项目过程中遇到的技术难题。
岗位要求:
1.熟练掌握 Pvthon等编程语言，具备扎实的编程基础和良好的编码习惯，能够编写清晰、易于维护的代码。
2.熟悉 Django、Flask等Python开发框架，对10、多线程、异步机制等计算机基本概念有深入理解，并能独立进行基本的性能调优，熟练使用Pandas、NumPy等数据处理工具，以及 NLP相关库。
3.对大模型应用技术如 Prompt Engineering、RAG.
Agent等有了解，并能熟练运用LangChain、Llamalndex等大模型应用框架。
4.对 AI开发工具如 PyTorch、TensorFlow等有所了解。了解容器化技术(Docker/Kubernetes)，并能使用自动化测试与监控工具。
5.具备优秀的团队协作与沟通能力，能够高效地与不同部门合作，共同推进项目的实施与落地。
6.有团队管理经验者优先，"
数据处理工程师 （Python）,"武汉 - 江夏区- 高农生物园3B栋4楼
",2025/3/19,不限 ,本科,3k-4k,"

湖北良顷

","

专业服务｜咨询 / 不需要融资 / 50-150人

","绩效奖金,方案,专业培训","【工作内容】
协助软件开发团队处理工作事项
【任职要求】
- 计算机科学或相关领域的本科及以上学历，不限工作经验。
- 熟练掌握Python编程语言，具备良好的算法基础和数据结构知识。"
python工程师,"武汉 - 江夏区- 光谷鼎创国际店-北1门光谷鼎创国际4栋805
",2025/2/17,3-5年 ,本科,8k-10k,"

义乌市薇琪商贸有限公司武汉分公司

","

贸易｜进出口 / 不需要融资 / 少于15人

","生日会,下午茶,部门聚餐","【工作内容】
1、参与公司产品的开发、需求、详细设计文档的编写;
2、完成产品开发，要求完成需求分析，现场实施，后期维护等。
【任职要求】
1、熟悉Python语言以及常用的类库;
2、熟练使用Django、能够独立的进行WEB后台服务开发；
3、熟悉MySQL、Redis等数据库，对数据库表设计、优化有一定经验;
4、熟练使用版本管理工具（git），具有规范的代码编写习惯;
5、有Linux使用经验、了解前端知识优先;
6、熟悉RPA(机器人流程自动化)及主流RPA产品优先;
7、有良好的沟通、学习、分析和解决问题的能力，能快速熟悉陌生领域知识的优先;
8、计算机软件相关专业本科及以上学历。
【工作时间】
8：30-18：30，午休1.5小时。
【薪资待遇】
薪资：试用期2个月，薪资8000-10000。
【福利】
1.入职包两餐；
2.美食投喂：部门聚餐、不定期举行下午茶和生日会，还有内部零食超市；
3.办公环境：开放式办公空间，宽敞明亮。"
Python工程师,"武汉 - 江岸区- 银海商务大厦
",2025/2/18,3-5年 ,本科,10k-20k,"

武汉曜影网络科技有限公司

","

","五险一金,绩效奖金,年终奖金","工作内容：
具备扎实的Python编程基础和熟悉常用数据结构、机器学习和自然语言处理等Python库。主要职责包括：
- 负责公司Python项目的开发和维护，确保项目的质量和进度；
- 编写高效的Python函数和方法，解决项目中的问题；
- 使用Python库对数据进行清洗、整理和分析，为业务提供数据支持；
- 参与公司新项目的创意设计，能够主导部分工作并完成项目；
- 协助项目经理完成项目计划，并对项目进行跟踪和优化。
职位要求：
- 具有3年及以上Python编程经验，熟悉常用的数据结构、机器学习和自然语言处理等Python库；
- 熟悉Python标准库，了解常用的第三方库；
- 具备良好的代码风格，具备解决实际问题的能力；
- 有较强的自我学习能力，对技术领域有敏锐的洞察力；
- 具备良好的沟通能力和团队合作精神，可以快速融入团队。
请注意，以上职位要求仅供参考，实际招聘过程中可能会有所调整。"
Web前端工程师,"武汉 - 洪山区- 红枫金座1105室
",3天前发布,不限 ,本科,7k-14k,"

爱智汇信息科技

","

","法定节假日,五险一金,团建活动","一、岗位职责
1. 负责公司Web前端、移动端产品功能开发和实现；
2. 配合UI设计人员对前端界面进行设计、编辑、美化等工作； 
3. 和业务部门沟通并确定产品开发需求，对接后端开发团队；
4. 优化前端产品的性能、质量和用户体验。

二、任职要求
1. 计算机相关专业，本科及以上学历；
2. 熟悉前端项目开发流程，精通HTML、CSS、JavaScript等前端语言；
3. 熟悉前端工程化与模块化开发，对JQuery、VueJS、AngularJS、NodeJS等主流框架有深入研究和项目实践； 
4.有“帆书（原樊登读书）、混沌学园、得到”等平台学习经历者优先。

三、薪酬福利
1. 岗位月薪：7k-11k（本科生），8-15k（研究生）；
2. 基本福利：五险一金、带薪年假、节日礼品、项目奖金等；
3. 特色福利：每日下午茶、丰富的团建活动、节假日提前放假、提供商学院课程、名企游学、专家讲座、线下读书会等多样学习机会。

四、公司信息
 武汉爱智汇信息科技有限公司是一家专注学术和科研的互联网科技公司。我们致力于打造一站式学术服务平台，为全球****师生和科研工作者提供专业、便捷、高效的学术服务。
 截至2024年，公司已成功运营300多本国际学术期刊，并举办了200余次国际学术会议。已经为600，000的科研工作者和学者提供了服务，用户遍布全球200多个国家，11000多所****和科研机构。
 我们一直坚持以“推动科技创新，引领学术发展”为使命，利用先进的互联网技术，践行使命担当，为推动学术成果在全球范围内的交流共享作贡献，致力于为全球用户提供优质的学术服务。
公司地址：武汉市洪山区关山大道388号，红枫金座A座1105室"
web前端开发（应届生）,"武汉 - 洪山区- 东方怡景大厦-B座1001
",2天前发布,不限 ,本科,6k-8k,"

河海科技

","

","五险一金,周末双休,项目奖金","【任职要求】
1、本科及以上学历，计算机或软件相关专业；
2、具备扎实的javascript、html5、css3基础；
3、熟练使用至少一种主流JS框架(React、Vue)；
4、使用过至少一种状态管理库：Redux、MobX、Vuex等；
5、熟练使用至少一种Ul组件库：ant design、element等；
6、熟悉nodejs、webpack、git、linux常用命令；
7、对工作具有高度的责任感，具备良好的沟通能力、协调能力以及团队合作意识。

【福利待遇】
1、周末双休,国家法定节假日享受带薪假期；
2、项目奖金、年终奖金；
3、入职缴纳五险一金；
4、基本工资视工作经验及能力面议"
Web前端开发工程师,"武汉 - 江岸区- 逸飞激光武汉总部基地
",2025/3/18,不限 ,本科,10k-15k,"

逸飞激光

","

其他 / 不需要融资 / 150-500人

","五险一金,免费班车,定期体检","岗位职责：
1、负责参与Web前端、移动端（h5）开发工作；
2、配合产品部门、Java后端团队协作，根据需求文档、原型设计图完成页面制作和用户体验优化，完成数据交互、动态信息展现、功能联合调试（可能会涉及复杂数据的处理和大屏展示效果）；
3、负责前端页面维护，解决浏览器兼容、安全漏洞等问题；
4、完成相应的开发文档的编写。
任职要求：
1.02精通Vue&Vuex框架，能熟练地进行组件化开发，有react实际使用经验亦可；
2.02熟悉webpack02gulp02grunt等工具，具有前端工程化思想；
3.02熟练掌握h5,css3以及es6常用特性及语法；
4.02优秀的分析和解决前端性能问题的能力；
5.02重视用户体验，能灵活使用各种工具完成页面效果；
6.02熟悉W3C标准和各主流浏览器在前端开发中的差异，能熟练运用(x)HTML、CSS，提供针对不同浏览器的前端页面解决方案，***有移动端适配经验；
7.有webpack前端构建工具的使用经验。"
web前端开发工程师,"武汉 - 洪山区 - 光谷- 喜鹊巢
",2025/3/14,在校,应届,10k-20k,"

EJOY+TECH

","

社交平台,游戏,MCN｜直播平台 / 未融资 / 50-150人

",公司技术氛围浓厚，福利一流，业务涉及AI领域,"寻找一位对前端有兴趣热情的互联网未来精英，25届有一定前端基础优先！社招也可以考虑。 
岗位职责： 
1. 核心模块的技术调研与架构设计，确保高性能与可扩展性。 
2. 实现高并发场景下的产品功能开发，如弹幕系统、礼物特效，保障流畅用户体验。 
3. 优化首屏加载、交互响应等关键性能指标，适配海外弱网环境。 
4. 通过A/B测试与数据驱动优化，提升用户互动率与付费转化率。 
任职要求： 
1. 扎实的计算机基础，熟练掌握HTML/CSS/JavaScript，对数据结构、算法设计有深刻理解。 
2. 对前端技术充满好奇心，能快速学习并应用新技术（如WebAssembly、WebRTC）。 
3. 优秀的分析与解决问题的能力，能将复杂需求拆解为清晰的技术方案。 
4. 注重代码质量与可维护性，具备模块化、组件化开发思维。 
5. 良好的沟通能力与团队意识，能与产品、后端高效协作。"
web前端开发工程师,"武汉 - 洪山区 - 张家湾- 龙湖天街B馆
",2024/12/7,在校,应届,3k-6k,"

上海修严

","

生活服务 / 不需要融资 / 15-50人

",双休,"岗位职责： 
 
1.独立承担pc端和移动端的前端开发任务。 
 
2.根据需求文档开发高性能、高兼容性的前端代码。 
 
3.配合服务器端开发人员进行应用及系统整合。 
 
非**计算机专业大学生，需要有实习经验。 
"
web前端开发工程师,"武汉 - 洪山区 - 关山- 关山大道
",2024/10/2,不限 ,本科,8k-15k,"

锂钠氪锶

","

IT技术服务｜咨询 / 天使轮 / 15-50人

",五险一金零食饮料团建旅游,"岗位职责：
1.负责公司Web产品的前端开发工作，实现页面动效和用户体验优化
2.良好的架构设计能力和代码规范
3.对产品设计和用户体验有自己独立的思考见解
任职要求：
1.本科及以上学历，具有两年以上相关工作经验
2.精通JS调试工具，熟悉CSS3细节、熟悉Vue.js/Angular等前端框架
3.有UI/UX设计经验者优先
4.有富文本编辑器开发经验者优先
5.日常用linux，有自己的技术产品、开源作品或活跃的开源社区贡献者优先"
web前端开发,"武汉 - 洪山区- 远程办公
",2025/3/14,不限 ,大专,9k-11k,"

武汉三佳医疗信息技术有限公司

","

软件服务｜咨询,数据服务｜咨询 / 不需要融资 / 150-500人

","五险一金,绩效奖金,专业培训","【工作内容】
- 负责公司产品及项目的前端页面架构设计与实现，确保良好的用户体验。
- 参与前端技术选型，持续优化前端性能，提高加载速度及稳定性。
- 与UI设计师、后端开发人员紧密合作，实现高质量的用户界面和交互功能。
- 编写清晰、可维护的代码，并进行单元测试，保证代码质量。
- 探索并引入前沿的前端技术和框架，提升团队技术水平。
- 参与需求讨论和技术评审，提出建设性的意见。
【任职要求】
- 计算机相关专业专科及以上学历，具备基本的计算机科学知识。
- 熟悉HTML5、CSS3等前端基础技术，了解响应式布局原理。
- 至少掌握一种主流前端框架如React、Vue或Angular，并有实际项目经验。
- 具备良好的JavaScript编程能力，理解DOM操作、事件处理等核心概念。
- 有良好的编码习惯，注重代码可读性和可维护性，能够编写单元测试。
- 学习能力强，对新技术充满热情，善于沟通协作，具备解决问题的能力。
- 不限工作经验，欢迎应届毕业生或转行者加入，公司将提供全面的培训计划。"
web前端开发工程师—武汉,"武汉 - 洪山区- 雄楚大道21号校友创新中心202
",2022/10/20,在校,应届,5k-9k,"

兆信股份

","

移动互联网 / 上市公司 / 150-500人

",大牛指路，有转正机会,"岗位职责： 
 
1、负责公司项目：PC端、H5端、小程序端的前端页面开发工作。 
 
2、负责公司产品前端公共组件库的开发。 
 
3、与后端团队紧密配合，确保代码有效对接。 
 
4、与产品团队紧密配合，优化用户体验和资源占用，提高产品易用性和可靠性。 
 
岗位要求： 
 
1. 统招本科及以上学历，计算机相关专业优先 
 
2. 能熟练掌握至少一门软件开发语言，熟悉算法、数据结构等基础知识，理解面向对象的分析和设计 
 
3. 参加过软件开发项目或计算机相关竞赛奖项者优先 
 
4. 有在高科技、互联网公司实习经验者优先 
 
5. 关注细节，工作严谨，口头和书面表达沟通能力强 
 
6. 聪明好学，积极主动，具备良好的学习能力和独立解决问题的能力 
 
7. 做事认真踏实，具有高度的工作意识和良好的团队精神"
web前端开发(实习岗),"武汉 - 武汉经济技术开发区- 南太子湖创新谷启迪协信科创园
",2023/4/17,在校,应届,3k-6k,"

朋悦科技

","

IT技术服务｜咨询 / 未融资 / 15-50人

",节日福利、每周双休、毕业直接转正优先录用,"任职要求： 
 
1、熟悉前端JS、CSS、HTML等技术； 
 
2、熟练掌握vue及vue全家桶，有实际的vue编程经验，熟悉Vue+Electron优先。 
 
3、熟悉使用vue-element组件库； 
 
4、熟悉使用javascript制作页面特效； 
 
5、熟悉兼容ie9,firefox,safari等主要浏览器； 
 
6、熟悉基于vue的管理后台开发经验； 
 
7、配合平面设计人员、程序设计人员完成网站。对用户体验有一定的设计能力； 
 
8、具有审美和设计能力，注重细节，追求完美（这点很重要） 
 
9、具备解决不同浏览器兼容性问题的能力。善于沟通，团队合作能力佳，能及时的发现问题，解决问题，归纳问题； 
 
10、熟悉PS优先考虑； 
 
 
 
岗位职责： 
 
1.完成前端框架设计开发。 
 
2.完成前端UI的规范制定和公共组件的设计开发。 
 
3.依据产品需求，高质量完成前端页面交互开发。 
 
4.持续优化产品的前端用户体验、性能、及兼容性。 
"
前端开发工程师,"武汉市 - 江夏区- 金融港四路18号光谷汇金中心15号楼
",2022/9/2,在校,应届,6k-10k,"

乐吾乐

","

软件开发 / 天使轮 / 少于15人

",开源社区经验、五险一金,"有资深前端架构师提供指导学习，初中高级前端都带过，但希望能长期工作。 
 
工作内容: 
1. 乐吾乐2D可视化组态软件功能开发和维护 
2. 基于可视化库的上层应用开发，比如：编辑器、移动端、图形库等 
3. 和大家一起探讨不同可视化场景的实现方案和产品改进 
4. 关注前端、2D、3D可视化前沿技术研究，通过新技术驱动产品发展 
5. 参与开源社区、技术交流群解答或交流 
 
职位要求： 
1. 扎实的前端基础；如果可以希望提供成绩学分 
2. 对web可视化有浓厚兴趣，有自己的想法 
3. 较好的数学基础，有计算机图形学相关专业更佳 
4. 熟悉vue/react/angular中的一种或多种更佳 
5. 有良好的编码习惯和学习热情，有良好的解决问题或实践能力"
前端开发工程师,"武汉 - 洪山区 - 红旗- 书城路26号 A栋408、409室
",2022/9/24,在校,应届,8k-15k,"

天宇图

","

数据服务｜咨询,IT技术服务｜咨询 / 未融资 / 50-150人

",发展空间大 有奖金,"职位描述：

1.微信小程序相关项目前端，小程序，公众号开发；

2.参与公司微信小程序,项目的前端和后台管理平台前端开发；

3.配合产品完成项目迭代，不断优化和提升用户操作视觉体验；

4.深入分析和解决前端遇到的技术、性能、跨终端兼容问题；

5.负责前端框架搭建、核心模块代码实现以及性能优化；

技术要求（现场机试，提前准备响应的技术环境）：

1.计算机科学、软件工程等相关专业本科及以上学历；

2.三年及以上平台级产品Web前端应用架构设计和开发工作经验；

3.熟悉Html5、CSS3，能写出常用用户操作及交互效果；

4.熟悉Bootstrap、Vue.js，React.js，Angular.js等开源框架；

5.配合后台的接口开发人员和设计人员要求完成前端相关功能模块的开发；

6.熟悉gulp，grunt，webpack等代码管理工具，能构建自动化编译、部署、测试环境；

7.有良好的团队合作精神，待人热忱，思维敏捷，良好人际沟通能力，有责任心和上进心。
"
前端开发,"武汉 - 江夏区- 东湖新技术开发区金融港一路7号光谷智慧园16栋
",2024/1/30,不限 ,大专,4k-6k,"

小码科技

","

软件服务｜咨询 / 未融资 / 15-50人

",职业发展好,"前端实习生岗位JD如下: 
 
 
 
职位名称:前端实习生 
 
 
 
职位描述: 
 
 
 
作为前端实习生,你将有机会参与公司项目的开发,与专业的前端工程师一起工作,学习并掌握前端开发技能。 
 
 
 
主要职责: 
 
 
 
1.根据设计师提供的设计稿,使用HTML、CSS和JavaScript等前端技术,实现网站或应用的前端界面。 
 
 
 
2.负责网站或应用的响应式设计,确保在各种设备上都能有良好的用户体验。 
 
 
 
3.参与前端开发工具的开发和维护,并定期更新和升级工具。 
 
 
 
4.协助项目经理和开发团队其他成员进行项目开发,并确保项目按时完成。 
 
 
 
5.参与产品测试和用户反馈,以及根据测试结果和用户反馈进行相应的调整和改进。 
 
 
 
6.制作项目文档和技术文档,记录项目开发过程中的经验和教训。 
 
 
 
职位要求: 
 
 
 
1.前端开发相关的课程学习和实践经验,具备基本的前端开发技能。 
 
 
 
2.熟悉HTML、CSS和JavaScript等前端技术,了解前端框架和库。 
 
 
 
3.熟悉前端开发工具,如Webpack、Gulp等。 
 
 
 
4.具备良好的沟通能力和团队合作精神,能够与团队成员和其他相关方进行有效的沟通和合作。 
 
 
 
5.具备较强的解决问题能力和自我学习能力,能够快速应对新的技术和问题。 
 
 
 
福利待遇: 
 
 
 
1.公司提供实习生的住宿。 
 
 
 
2.公司为实习生提供必要的培训和指导,帮助实习生更好地融入团队。 
 
 
 
3.实习生有机会参与公司的其他项目开发,提高自己的技术能力和职业经验。 
"
前端工程师,"武汉 - 洪山区 - 鲁巷- 东湖高新吴家湾联合国际
",2023/3/15,不限 ,本科,8k-13k,"

胜嘉汇

","

企业服务,人工智能,物联网 / 不需要融资 / 15-50人

",工作稳定，休息日不加班,完成部门经理安排的日常工作，升级公司前端框架
前端开发实习生,"武汉 - 东湖新技术开发区- 当代国际花园未来域
",2023/8/18,在校,应届,5K-10K,"

域尚

","

电商 / B轮 / 150-500人

",五险一金，双休,"1.基于HTML5.0标准,封装实现可复用的控件，完成模块化开发；

2.负责Web和HTML5基础技术框架的开发；

3.协助工程师完成功能嵌入和调试及前端开发技术支持；

4.持续的优化前端体验和页面响应速度，并保证兼容性和执行效率。

任职资格

1.熟练掌握JavaScript，熟悉CSS/HTML/AJAX/JSON；

2.熟悉主流前端框架和库的使用，如：JQuery/easyUI/bootstrap/angularJS/react

细心，热爱技术，喜欢钻研，具备良好的沟通能力和优秀的团队协作能力；

3.能适应较强的工作压力

4.有大型网站程序或移动端开发经验者，优先考虑"
android/安卓开发工程师,"武汉 - 东湖新技术开发区- 中建产业园G3写字楼B座17F
",2023/11/20,不限 ,本科,9k-18k,"

华中时讯

","

软件服务｜咨询,社交平台,社交媒体 / A轮 / 50-150人

",发展前景好，团队氛围好,"工作职责： 
1、负责 名人朋友圈 Android APP 业务功能的研发及代码优化工作。 
2、负责 名人朋友圈 Android APP 内公用控件及部分基础框架的研发工作。 
 
岗位要求： 
1.本科以上学历； 
2.1年及以上Android平台开发经验优先； 
3.有良好的编程规范与习惯； 
5.拥有良好的沟通协调能力和团队协作能力；"
安卓开发工程师,"武汉 - 江汉区- 范湖101号(范湖地铁站B口步行400米)富强国际9层2+3
",2024/7/15,不限 ,大专,6k-10k,"

拓课云

","

网络通信 / B轮 / 150-500人

",该忙忙该放松放松,"职位职责

1.负责安卓云直播课堂sdk的开发与维护

2.负责项目优化，特殊需求定制开发

3.跟进新技术学习与项目应用

职位要求

1.java/Android基础较好

2.熟悉市面常用的开发框架

应届或者3年以内开发经验

加分项

熟悉ts或ats语言

有做过音视频社交通讯相关项目"
安卓开发工程师,"武汉 - 洪山区 - 张家湾- 武汉市洪山区八坦路165号匠心荟科创产业园
",2025/2/10,不限 ,大专,9k-11k,"

睿思康

","

IT技术服务｜咨询 / 未融资 / 少于15人

",乐视大厂出来，发展前景广阔,"岗位职责： 
1.负责Android平台产品的应用软件的设计、开发和移植和管理。 
2.按照项目计划，在保证质量的前提下，按时完成开发任务。 
3.负责相关技术文档编写。 
4.与测试和需求人员沟通和合作。 
5.负责无障碍安卓软件开发 
任职要求: 
1.计算机或相关专业大专及以上学历，3年以上工作经验。 
2.精通JAVA语言编程，有扎实的编程功底和编程经验。 
3.熟练使用Android Studio软件开发工作。 
4.熟练的Java和Kotlin开发经验， 熟练的数据结构、代码设计能力; 
5.具有良好的语言表达和文档撰写能力。 
福利待遇：季度奖+年终奖+五险+不定期活动拓展+传统节假日福利+周末双休+审核涨薪/每年一次 
工作时间：9～10——18～19；午休+吃饭1小时；"
高级安卓开发工程师,"武汉 - 江夏区- 未来科技
",2023/4/29,不限 ,本科,10k-17k,"

中软国际科技服务有限公司

","

IT技术服务｜咨询 / 上市公司 / 2000人以上

",双休、五险一金，年终,负责车控业务及产品化demo开发工作。涉及鸿蒙系统和车载系统数据库，深入车载系统开发（车控，仪表，控制面板等）
android安卓开发工程师,"武汉 - 武昌区- 徐东大街汇通新长江中心A座4层
",2025/3/17,3-5年 ,大专,12k-18k,"

卓尔设计

","

专业服务｜咨询,营销服务｜咨询 / 不需要融资 / 150-500人

","五险一金,绩效奖金,定期体检","岗位职责】
1、可独立完成APP中相关模块和功能的需求分析、详细设计、开发、调试等工作。
2、与前端、后端、产品、设计部门配合，确保高质量完成APP的开发、上线及后续的迭代工作。
3、撰写和维护技术方案,详细设计等开发文档。
【任职要求】
1、大专以上学历，3-5年Android开发经验。
2、熟悉Android系统，熟练使用Kotlin编写代码，能熟练完成自定义控件开发。
3、熟悉移动端应用性能优化，内存管理机制，OOM等问题分析解决。
4、熟悉各主流框架，会使用RXJAVA, GREENDAO，OKHTTP，AROUTER者优先。
5、有与前后端开发人员的联调经验，熟悉Java相关技术，良好沟通能力。
6、有责任心,抗压能力强,为人踏实,团队意识佳。"
Android开发工程师（六险一金）,"武汉 - 洪山区- 中科开物大厦18楼
",2025/3/19,3-5年 ,本科,8k-13k,"

武汉大学

","

","年终奖金,带薪年假,补充医疗保险","说明：必须有鸿蒙和硬件开发经验

岗位职责
1、负责Android和鸿蒙平台的应用程序开发和维护；
2、根据产品需求完成架构和模块设计、编码、单元测试等工作；
3、按照项目计划，按时提交高质量的代码，完成开发任务；
4、负责相关技术文档的编写和更新；

任职要求
1、计算机相关专业，本科以上学历，3年及以上Android开发经验，须有鸿蒙项目落地经验，特别有经验的可放宽学历要求；
2、熟悉Android和鸿蒙常用框架、常见开源库；熟悉Java/ArcTS;能够独立完成Android和鸿蒙App开发；
3、熟悉相机、蓝牙等手机自带硬件组件的开发；
4、具备良好的沟通能力、执行力、学习能力；

加分
1、熟悉底层驱动和硬件交互开发者优先；
1、有完整智能硬件开发经验者优先；
2、有对接Unity开发经验者优先。"
Android开发工程师,"武汉 - 洪山区- 珞珈创意城1604
",2024/2/17,1-3年 ,本科,6k-12k,"

神蛙信息

","

游戏 / 天使轮 / 少于15人

","五险一金,带薪年假","1. 熟悉Android平台，熟悉Android技术体系下的开发；

2. 熟练掌握android界面绘制、后台运行、数据存储、网络通信等原理；

3. 熟悉Android各种widget组件，能根据项目要求开发自定义控件；

4. 有强烈的责任心和团队精神，善于沟通和合作；能独立完成设计和编码。"
android开发工程师,"武汉 - 洪山区 - 街道口- 中部创意大厦
",2023/11/24,1-3年 ,本科,10k-11k,"

珞珈众恒

","

数据服务｜咨询,IT技术服务｜咨询 / 未融资 / 15-50人

",发展前景,"岗位职责: 
1、参与负责公司Android端相关产品设计及开发； 
2、参与负责公司小程序产品开发； 
3、与项目经理、UI设计、后端人员共同参与项目需求分析，按照要求独立实现移动端相关功能，并完成测试； 
4、根据需求完成开发计划，进行架构设计和详细设计，并撰写相关文档； 
5、完成公司安排的其他相关任务。 
 
任职要求： 
1、1年以上Android开发经验，参与开发过完整的Android项目 
2、熟悉Android开发平台、系统框架和SDK。 
3、熟练使用原生Android各种控件、界面布局、多线程、网络通信、SQLite数据库等操作。 
4、熟悉移动地图开发。 
5、具备良好的代码、技术文档编写规范习惯； 
6、拥有良好的设计模式思维，具有较强的学习能力、创新能力、沟通能力和团队意识，热爱软件开发工作，有良好的团队合作精神。"
android开发工程师,"武汉 - 洪山区- 国采中心
",2024/10/26,不限 ,大专,15k-30k,"

ThunderSoft

","

智能硬件 / 上市公司 / 2000人以上

",大厂发展，五险一金，上五休二,"IOT/odm 初/中/高级工程师研发岗位 
base 深圳/武汉/成都/南京 
Android/FWK（多媒体/功耗/网络/游戏）/应用层/系统层 
 
有在看机会的伙伴 欢迎小窗私我哦~"
android开发工程师,"武汉 - 江夏区- 武汉市东湖高新区华为武汉研究所
",2023/4/12,不限 ,本科,20k-40k,"

华为技术有限公司

","

智能硬件,IT技术服务｜咨询,制造业 / 不需要融资 / 2000人以上

",福利待遇好，有发展前景,"【工作职责】 
1.负责平板与PC智慧办公场景的软件开发工作，需求分析、方案设计、代码编写和单元自测 
2.寻找华为平板、PC、打印机、显示器等相关领域技术突破点，打造平板与PC产品核心竞争力 
3.负责Android/Harmony关键技术模块看护，打造**产品体验 
 
【任职要求】 
业务知识技能要求： 
1.有软件开发经验，有良好的编码基础 
2.熟悉Android/Harmony平台软件开发经验 
3.善于团队合作，共同打造优秀用户体验的产品 
4.做事严谨，具有责任感，善于学习，有较强的适应能力和对新技术有热情"
android开发工程师,,2023/2/3,不限 ,本科,20k-40k,"

华为技术有限公司

","

智能硬件,IT技术服务｜咨询,制造业 / 不需要融资 / 2000人以上

",,
